/*
SQLyog 企业版 - MySQL GUI v8.14 
MySQL - 5.7.31-log : Database - test
*********************************************************************
*/


/*!40101 SET NAMES utf8 */;

/*!40101 SET SQL_MODE=''*/;

/*!40014 SET @OLD_UNIQUE_CHECKS=@@UNIQUE_CHECKS, UNIQUE_CHECKS=0 */;
/*!40014 SET @OLD_FOREIGN_KEY_CHECKS=@@FOREIGN_KEY_CHECKS, FOREIGN_KEY_CHECKS=0 */;
/*!40101 SET @OLD_SQL_MODE=@@SQL_MODE, SQL_MODE='NO_AUTO_VALUE_ON_ZERO' */;
/*!40111 SET @OLD_SQL_NOTES=@@SQL_NOTES, SQL_NOTES=0 */;
CREATE DATABASE /*!32312 IF NOT EXISTS*/`test` /*!40100 DEFAULT CHARACTER SET latin1 */;

USE `test`;

/*Table structure for table `user_list` */

DROP TABLE IF EXISTS `user_list`;

CREATE TABLE `user_list` (
  `UserName` varchar(200) NOT NULL,
  `Password` varchar(200) NOT NULL,
  `Email` varchar(200) NOT NULL,
  `Name` varchar(200) NOT NULL,
  PRIMARY KEY (`UserName`)
) ENGINE=InnoDB DEFAULT CHARSET=utf8;

/*Data for the table `trebywholegrail_day_chart3` */

insert  into `user_list`(`UserName`,`Password`,`Email`,`Name`) values ('hhf','12345678','879@qq.com','aname');

/*Table structure for table `comment_list` */

DROP TABLE IF EXISTS `comment_list`;

CREATE TABLE `comment_list` (
  `Id` varchar(200) NOT NULL,
  `AddTime` varchar(200) NOT NULL,
  `Content` varchar(200) NOT NULL,
  `Name` varchar(200) NOT NULL,
  PRIMARY KEY (`Id`)
) ENGINE=InnoDB DEFAULT CHARSET=utf8;

/*Data for the table `trebywholegrail_day_chart3` */

insert  into `comment_list`(`id`,`AddTime`,`Content`,`Name`) values ('1', '20211211', '内容', 'hhf');

/*Table structure for table `mar_rank_movlist` */

DROP TABLE IF EXISTS `mar_rank_movlist`;

CREATE TABLE `mar_rank_movlist` (
  `MovieName` varchar(200) NOT NULL,
  `IrankMoM` int(11) NOT NULL,
  `ReleaseTime` date DEFAULT NULL,
  `BuyTicketIndex` float NOT NULL,
  `MovieGenre` varchar(200) DEFAULT NULL,
  `Irank` int(11) NOT NULL,
  PRIMARY KEY (`Irank`)
) ENGINE=InnoDB DEFAULT CHARSET=utf8;

/*Data for the table `mar_rank_movlist` */

insert  into `mar_rank_movlist`(`MovieName`,`IrankMoM`,`ReleaseTime`,`BuyTicketIndex`,`MovieGenre`,`Irank`) values ('误杀2',0,'2021-12-17',8.44,'剧情/家庭/犯罪',1),('穿过寒冬拥抱你',0,'2021-12-31',7.39,'剧情/爱情',2),('反贪风暴5：最终章',1,'2021-12-31',7.04,'动作/犯罪/悬疑',3),('暗杀风暴',-1,'2021-12-10',6.75,'剧情/犯罪/悬疑',4),('以年为单位的恋爱',0,'2021-12-31',6.72,'爱情',5),('李茂换太子',3,'2021-12-31',6.02,'喜剧/古装',6),('爱情神话',-1,'2021-12-24',5.93,'爱情/剧情',7),('奇迹',2,'2022-02-01',5.74,'剧情',8),('平原上的火焰',-2,'2021-12-24',5.61,'剧情/悬疑',9),('超能一家人',-2,'2022-02-01',5.42,'喜剧/奇幻',10),('四海',0,'2022-02-01',4.57,'喜剧/爱情/运动',11),('好想去你的世界爱你',0,'2022-02-14',3.62,'喜剧/爱情/奇幻',12),('熊出没·重返地球',0,'2022-02-01',3.55,'动画/喜剧/科幻',13),('雄狮少年',0,'2021-12-17',3.24,'动画',14),('我是真的讨厌异地恋',0,'2022-05-20',2.85,'爱情/青春',15),('忠犬八公',0,'2021-12-31',2.82,'剧情',16),('这个杀手不太冷静',0,'2022-02-01',2.82,'喜剧',17),('最后的真相',0,'2022-04-02',2.78,'剧情/悬疑/犯罪',18),('十年一品温如言',-4,'2022-02-14',2.78,'剧情/爱情',19),('人生大事',0,'2022-04-02',2.76,'剧情/家庭',20),('狙击手',-1,'2022-02-01',2.74,'剧情/动作/战争',21),('我心飞扬',-3,'2022-02-01',2.74,'剧情',22),('秘不可言',-2,'2021-12-10',2.71,'惊悚/恐怖/爱情/悬疑',23),('樱桃小丸子：奇幻笔记',-2,'2022-02-01',2.71,'动画',24),('封神三部曲',-1,NULL,2.69,'奇幻/战争/动作/古装',25),('智齿',-3,NULL,2.67,'惊悚/悬疑',26),('笨鸟大冒险',-1,'2021-12-04',2.66,'动画/冒险',27),('我的初恋十八岁',3,NULL,2.65,'爱情/青春',28),('第四面墙',3,'2021-12-10',2.65,'剧情',29),('战疫英雄',0,'2021-12-24',2.65,'剧情',30),('我是霸王龙',-2,'2022-02-01',2.65,'奇幻/冒险',31),('你猜我是不是英雄',-7,'2021-12-24',2.65,'喜剧/剧情',32),('摇滚藏獒：蓝色光芒',7,'2021-12-11',2.65,'动画/音乐/喜剧',33),('曾经相爱的我们',-1,'2021-12-10',2.65,'剧情/爱情/喜剧/都市',34),('邓小平小道',-8,'2022-03-11',2.65,'剧情/家庭/历史/主旋律',35),('热汤',0,'2021-12-24',2.65,'剧情/爱情/悬疑',36),('密案1922',-9,'2022-02-18',2.65,'惊悚/悬疑',37),('别让我走',4,NULL,2.64,'惊悚/恐怖',38),('戏如人生',-2,'2022-02-01',2.64,'喜剧/爱情',39),('零度极限',-6,'2022-01-14',2.64,'剧情/运动',40),('王者回归',-6,'2021-12-24',2.64,'动画',41),('魔法精灵',-4,'2022-01-01',2.64,'动画/奇幻',42),('侏罗纪大乐园',0,'2022-02-01',2.64,'动画',43),('镖师虎墩',-5,'2022-02-01',2.64,'动画/喜剧/冒险',44),('隔离不断的爱',-4,'2022-02-14',2.64,NULL,45),('封神三部曲2',4,NULL,2.63,'动作/奇幻/古装',46),('大圣降妖',0,NULL,2.63,'动画',47),('路遥归梦',1,'2021-12-30',2.63,'剧情/爱情',48),('上海上海',-4,NULL,2.63,'剧情/爱情',49),('凌晨两点半2',-2,NULL,2.63,'惊悚/悬疑/恐怖',50),('读心者之深海',1,NULL,2.63,'惊悚/恐怖',51),('不二兄弟',-6,'2022-03-11',2.63,'剧情',52),('封神三部曲3',-2,NULL,2.63,'动作/奇幻/古装',53),('我们的童年',-1,'2021-12-10',2.63,'剧情/儿童',54),('独家头条2：众矢之的',-11,NULL,2.63,'剧情/悬疑',55);

/*Table structure for table `ranking` */

DROP TABLE IF EXISTS `ranking`;

CREATE TABLE `ranking` (
  `MovieName` varchar(200) NOT NULL,
  `AvgAudienceCount` int(11) NOT NULL,
  `ReleaseTime` date NOT NULL,
  `AvgBoxOffice` int(11) NOT NULL,
  `BoxOffice` bigint(20) NOT NULL,
  `Irank` int(11) NOT NULL,
  PRIMARY KEY (`Irank`)
) ENGINE=InnoDB DEFAULT CHARSET=utf8;

/*Data for the table `ranking` */

insert  into `ranking`(`MovieName`,`AvgAudienceCount`,`ReleaseTime`,`AvgBoxOffice`,`BoxOffice`,`Irank`) values ('长津湖',23,'2021-09-30',47,5732889613,1),('战狼2',37,'2017-07-27',36,5688740587,2),('你好，李焕英',24,'2021-02-12',45,5413303171,3),('哪吒之魔童降世',23,'2019-07-26',36,5035020595,4),('流浪地球',29,'2019-02-05',45,4686808164,5),('唐人街探案3',29,'2021-02-12',48,4522345605,6),('复仇者联盟4：终局之战',23,'2019-04-24',49,4250383910,7),('红海行动',33,'2018-02-16',39,3651886398,8),('唐人街探案2',39,'2018-02-16',39,3397688097,9),('美人鱼',43,'2016-02-08',37,3397175023,10),('我和我的祖国',35,'2019-09-30',38,3176119446,11),('八佰',20,'2020-08-21',38,3102323734,12),('我不是药神',27,'2018-07-05',35,3099961063,13),('中国机长',26,'2019-09-30',37,2913177356,14),('我和我的家乡',19,'2020-10-01',39,2828832552,15),('速度与激情8',30,'2017-04-14',37,2670959285,16),('西虹市首富',28,'2018-07-27',35,2547571742,17),('捉妖记',41,'2015-07-16',37,2441462276,18),('速度与激情7',42,'2015-04-12',39,2426586547,19),('复仇者联盟3：无限战争',19,'2018-05-11',38,2390537273,20),('捉妖记2',44,'2018-02-16',38,2237154621,21),('疯狂的外星人',30,'2019-02-05',42,2214254201,22),('羞羞的铁拳',25,'2017-09-30',33,2201748735,23),('海王',18,'2018-12-07',36,2013198359,24),('变形金刚4：绝迹重生',50,'2014-06-27',42,1977522388,25),('前任3：再见前任',29,'2017-12-29',35,1941740154,26),('毒液：致命守护者',17,'2018-11-09',36,1870680440,27),('功夫瑜伽',33,'2017-01-28',38,1752603744,28),('飞驰人生',25,'2019-02-05',42,1729373180,29),('烈火英雄',19,'2019-08-01',36,1707188998,30),('侏罗纪世界2',19,'2018-06-15',36,1695881571,31),('寻龙诀',40,'2015-12-18',36,1682742951,32),('西游伏妖篇',36,'2017-01-28',39,1655926405,33),('港囧',40,'2015-09-25',33,1614103585,34),('姜子牙',19,'2020-10-01',40,1602983421,35),('少年的你',16,'2019-10-25',36,1559025893,36),('变形金刚5：最后的骑士',23,'2017-06-23',37,1551242789,37),('疯狂动物城',28,'2016-03-04',34,1534528494,38),('我和我的父辈',16,'2021-09-30',43,1475913481,39),('魔兽',25,'2016-06-08',37,1472297906,40),('复仇者联盟2：奥创纪元',29,'2015-05-12',40,1464392888,41),('夏洛特烦恼',33,'2015-09-30',32,1447823756,42),('速度与激情：特别行动',15,'2019-08-23',36,1434299899,43),('送你一朵小红花',12,'2020-12-31',37,1432524430,44),('芳华',25,'2017-12-15',34,1422584326,45),('侏罗纪世界',33,'2015-06-10',38,1420732578,46),('蜘蛛侠：英雄远征',17,'2019-06-28',36,1417682748,47),('头号玩家',18,'2018-03-30',36,1396660613,48),('速度与激情9',13,'2021-05-21',39,1392333894,49),('后来的我们',21,'2018-04-28',34,1361525311,50),('一出好戏',26,'2018-08-10',35,1355047659,51),('阿凡达',72,'2010-01-04',50,1339858550,52),('误杀',11,'2019-12-13',33,1334458490,53),('怒火·重案',8,'2021-07-30',39,1329076284,54),('中国医生',11,'2021-07-09',36,1328189709,55),('拆弹专家2',11,'2020-12-24',39,1314789099,56),('扫毒2：天地对决',17,'2019-07-05',36,1312886495,57),('摔跤吧！爸爸',22,'2017-05-05',30,1299181431,58),('无双',15,'2018-09-30',36,1273770349,59),('人再囧途之泰囧',45,'2012-12-12',32,1271956555,60),('西游降魔篇',41,'2013-02-10',40,1246990794,61),('美国队长3：英雄内战',25,'2016-05-06',35,1246348110,62),('碟中谍6：全面瓦解',15,'2018-08-31',37,1245216802,63),('哥斯拉大战金刚',9,'2021-03-26',37,1232616114,64),('寻梦环游记',17,'2017-11-24',33,1229548319,65),('西游记之孙悟空三打白骨精',36,'2016-02-08',37,1201008291,66),('悬崖之上',12,'2021-04-30',39,1190140125,67),('湄公河行动',24,'2016-09-30',30,1188593808,68),('叶问4：完结篇',11,'2019-12-20',35,1183313047,69),('加勒比海盗5：死无对证',22,'2017-05-26',36,1179909693,70),('长城',21,'2016-12-16',35,1174569050,71),('心花路放',36,'2014-09-30',34,1169343744,72),('煎饼侠',39,'2015-07-17',33,1162757257,73),('金刚：骷髅岛',20,'2017-03-24',35,1160499217,74),('大黄蜂',11,'2019-01-04',36,1149841394,75),('极限特工：终极回归',23,'2017-02-10',36,1127410361,76),('金刚川',8,'2020-10-23',37,1126994706,77),('澳门风云3',36,'2016-02-08',36,1118212086,78),('生化危机：终章',20,'2017-02-24',35,1111817301,79),('攀登者',21,'2019-09-30',37,1105676970,80),('变形金刚3',54,'2011-07-21',42,1071571922,81),('巨齿鲨',22,'2018-08-10',38,1053723210,82),('乘风破浪',27,'2017-01-28',36,1048529407,83),('西游记之大闹天宫',40,'2014-01-31',42,1045496958,84),('神偷奶爸3',20,'2017-07-07',34,1037812751,85),('惊奇队长',14,'2019-03-08',37,1035322210,86),('刺杀小说家',16,'2021-02-12',47,1035205286,87),('盗墓笔记',27,'2016-08-05',35,1004530533,88),('狂暴巨兽',13,'2018-04-13',35,1003950474,89),('功夫熊猫3',25,'2016-01-29',36,1001998315,90),('奇幻森林',24,'2016-04-15',34,979391465,91),('澳门风云2',36,'2015-02-19',39,974858825,92),('比悲伤更悲伤的故事',15,'2019-03-14',31,958581977,93),('西游记之大圣归来',34,'2015-07-10',35,956568650,94),('泰坦尼克号3D',54,'2012-04-10',45,946205333,95),('哥斯拉2：怪兽之王',15,'2019-05-31',37,937467065,96),('超时空同居',12,'2018-05-18',33,903000584,97),('老炮儿',38,'2015-12-24',31,902797681,98),('阿丽塔：战斗天使',14,'2019-02-22',38,897091440,99),('绝地逃亡',25,'2016-07-21',35,889501360,100),('智取威虎山',28,'2014-12-23',41,884427568,101),('十二生肖',37,'2012-12-20',40,881836231,102),('银河补习班',16,'2019-07-18',34,878344827,103),('星际穿越',23,'2014-11-12',35,876864504,104),('碟中谍5：神秘国度',26,'2015-09-08',33,869769138,105),('温暖的抱抱',11,'2020-12-31',37,864558157,106),('冰雪奇缘2',11,'2019-11-22',34,861560238,107),('我的姐姐',9,'2021-04-02',37,860184379,108),('夺冠',11,'2020-09-25',39,835720653,109),('狮子王',16,'2019-07-12',37,831781488,110),('蚁人2：黄蜂女现身',15,'2018-08-24',36,831556637,111),('星球大战：原力觉醒',24,'2016-01-09',37,825575171,112),('唐人街探案',33,'2015-12-31',32,824419430,113),('从你的全世界路过',22,'2016-09-29',31,814233297,114),('X战警：天启',23,'2016-06-03',34,802921306,115),('反贪风暴4',11,'2019-04-04',35,799090760,116),('无名之辈',12,'2018-11-16',35,794541165,117),('你的婚礼',15,'2021-04-30',38,789259816,118),('北京遇上西雅图之不二情书',24,'2016-04-29',34,786798743,119),('蜘蛛侠：英雄归来',16,'2017-09-08',35,774140574,120),('叶问3',23,'2016-03-04',39,770310238,121),('霍比特人3：五军之战',30,'2015-01-23',40,766497841,122),('人潮汹涌',10,'2021-02-12',41,762479052,123),('大闹天竺',31,'2017-01-28',36,757926841,124),('钢铁侠3',33,'2013-05-01',42,754867780,125),('无问西东',18,'2018-01-12',31,754297351,126),('奇异博士',18,'2016-11-04',35,751700121,127),('神秘巨星',17,'2018-01-19',30,747068719,128),('天将雄师',38,'2015-02-19',41,744176999,129),('雷神3：诸神黄昏',15,'2017-11-03',35,743028991,130),('猩球崛起3：终极之战',16,'2017-09-15',35,739781830,131),('金刚狼3：殊死一战',16,'2017-03-03',32,731629392,132),('西游记女儿国',33,'2018-02-16',40,727382000,133),('终结者：创世纪',24,'2015-08-23',37,725358558,134),('X战警：逆转未来',29,'2014-05-23',37,722966192,135),('致我们终将逝去的青春',36,'2013-04-26',32,719182058,136),('美国队长2：冬日战士',29,'2014-04-04',39,718534738,137),('熊出没·原始时代',22,'2019-02-05',39,718144115,138),('私人订制',30,'2013-12-19',36,713801390,139),('猩球崛起2：黎明之战',28,'2014-08-29',37,709232385,140),('狼图腾',34,'2015-02-19',39,704856966,141),('使徒行者2：谍影行动',17,'2019-08-07',36,702227993,142),('画皮2',37,'2012-06-28',41,702105208,143),('铁道飞虎',18,'2016-12-23',37,699852955,144),('爸爸去哪儿',40,'2014-01-31',32,696734759,145),('悟空传',17,'2017-07-13',36,696535000,146),('环太平洋',38,'2013-07-31',40,694745803,147),('正义联盟',13,'2017-11-17',35,690109826,148),('银河护卫队2',17,'2017-05-05',37,686114862,149),('宠爱',9,'2019-12-31',35,684113525,150),('九层妖塔',30,'2015-09-30',34,682940931,151),('扬名立万',9,'2021-11-11',38,680330213,152),('寒战2',27,'2016-07-08',37,678260116,153),('碟中谍4',43,'2012-01-28',35,672248019,154),('蚁人',22,'2015-10-16',36,671764868,155),('摩天营救',18,'2018-07-20',35,669807160,156),('分手大师',34,'2014-06-27',33,665440587,157),('黑豹',17,'2018-03-09',36,662589113,158),('情圣',18,'2016-12-30',31,658855887,159),('唐山大地震',51,'2010-07-22',37,650156922,160),('恶棍天使',40,'2015-12-24',30,649588334,161),('来电狂响',14,'2018-12-28',35,641456533,162),('大侦探皮卡丘',10,'2019-05-10',35,640715944,163),('惊天魔盗团2',27,'2016-06-24',33,638966294,164),('让子弹飞',47,'2010-12-16',38,636875713,165),('环太平洋2：雷霆再起',13,'2018-03-23',35,633223366,166),('末日崩塌',24,'2015-06-02',37,629673401,167),('影',14,'2018-09-30',36,628989145,168),('后会无期',34,'2014-07-24',32,628812185,169),('新喜剧之王',24,'2019-02-05',43,628020183,170),('新木乃伊',16,'2017-06-09',35,625596519,171),('蝙蝠侠大战超人：正义黎明',23,'2016-03-25',36,619102884,172),('失控玩家',7,'2021-08-27',39,612501082,173),('功夫熊猫2',42,'2011-05-28',38,612024531,174),('神奇女侠',16,'2017-06-02',36,610117723,175),('一条狗的使命',15,'2017-03-03',30,608906331,176),('狄仁杰之四大天王',18,'2018-07-27',39,606342899,177),('使徒行者',24,'2016-08-11',29,606313858,178),('熊出没·变形记',30,'2018-02-16',36,605504640,179),('李茶的姑妈',15,'2018-09-30',35,604352309,180),('狄仁杰之神都龙王',30,'2013-09-28',40,600777852,181),('熊出没·狂野大陆',18,'2021-02-12',43,596553910,182),('银河护卫队',23,'2014-10-10',39,596122046,183),('金陵十三钗',40,'2011-12-15',41,592276366,184),('神奇动物在哪里',21,'2016-11-25',35,591738859,185),('美女与野兽',16,'2017-03-17',35,591648080,186),('匆匆那年',24,'2014-12-05',35,588498806,187),('火星救援',24,'2015-11-25',37,586902148,188),('超凡蜘蛛侠2',23,'2014-05-04',39,585588811,189),('邪不压正',16,'2018-07-13',36,583482618,190),('白蛇2：青蛇劫起',7,'2021-07-23',39,580137422,191),('你的名字。',22,'2016-12-02',28,576852351,192),('大鱼海棠',23,'2016-07-08',33,574983401,193),('追龙',20,'2017-09-30',33,574653658,194),('少年派的奇幻漂流',38,'2012-11-22',39,572899296,195),('复仇者联盟',33,'2012-05-05',42,568515746,196),('杀破狼2',25,'2015-06-18',36,560498280,197),('爱情公寓',28,'2018-08-10',35,555426519,198),('战狼',25,'2015-04-02',34,545561360,199),('007：幽灵党',28,'2015-11-13',32,542089015,200),('中国合伙人',27,'2013-05-17',32,540758881,201),('龙门飞甲',36,'2011-12-15',44,540003965,202),('除暴',8,'2020-11-20',37,537786305,203),('英伦对决',19,'2017-09-30',38,536952759,204),('三生三世十里桃花',24,'2017-08-03',35,534543091,205),('警察故事2013',25,'2013-12-24',40,534388291,206),('哆啦A梦：伴我同行',22,'2015-05-28',35,530331264,207),('妖猫传',23,'2017-12-22',36,530030715,208),('超能陆战队',25,'2015-02-28',37,527288515,209),('澳门风云',31,'2014-01-31',32,524794193,210),('熊出没之奇幻空间',27,'2017-01-28',34,522496636,211),('杀破狼·贪狼',18,'2017-08-17',32,521572982,212),('小时代3：刺金时代',33,'2014-07-17',32,521560996,213),('北京遇上西雅图',31,'2013-03-21',32,520168522,214),('一步之遥',25,'2014-12-18',42,514947727,215),('愤怒的小鸟',16,'2016-05-20',32,514014031,216),('滚蛋吧！肿瘤君',25,'2015-08-13',34,511807947,217),('动物世界',13,'2018-06-29',37,509678671,218),('我在时间尽头等你',16,'2020-08-25',35,504608479,219),('1921',8,'2021-07-01',35,503888555,220),('黑衣人3',29,'2012-05-25',41,503499232,221),('独立日：卷土重来',24,'2016-06-24',36,503238288,222),('古墓丽影：源起之战',14,'2018-03-16',35,497470904,223),('勇敢者游戏：决战丛林',18,'2018-01-12',34,491952677,224),('哈利·波特与死亡圣器(下)',40,'2011-08-04',48,491385935,225),('小时代4：灵魂尽头',33,'2015-07-09',31,488423687,226),('千与千寻',12,'2019-06-21',31,488318602,227),('紧急救援',9,'2020-12-18',39,485240318,228),('左耳',25,'2015-04-24',34,485224255,229),('小时代',32,'2013-06-27',32,484817572,230),('王牌特工：特工学院',29,'2015-03-27',34,484525511,231),('我不是潘金莲',19,'2016-11-18',35,483729990,232),('摆渡人',19,'2016-12-23',33,482974343,233),('哥斯拉',26,'2014-06-13',38,481419178,234),('厉害了，我的国',27,'2018-03-02',32,480562657,235),('绿皮书',13,'2019-03-01',33,478899676,236),('星球大战外传：侠盗一号',13,'2017-01-06',37,478177728,237),('王牌特工2：黄金圈',14,'2017-10-20',35,473852838,238),('白蛇：缘起',10,'2019-01-11',34,467374918,239),('加勒比海盗4：惊涛怪浪',45,'2011-05-20',38,464410325,240),('霍比特人2：史矛革之战',26,'2014-02-21',41,462720258,241),('盗梦空间',50,'2010-09-01',34,462352668,242),('缝纫机乐队',16,'2017-09-29',33,456713025,243),('新神榜：哪吒重生',14,'2021-02-12',44,456480848,244),('非诚勿扰2',44,'2010-12-22',39,456097160,245),('同桌的妳',23,'2014-04-25',33,455761595,246),('信条',10,'2020-09-04',39,455072783,247),('敢死队3',23,'2014-09-01',32,453267874,248),('2012',67,'2009-12-02',32,452269844,249),('2012世界末日',67,'2009-11-13',32,452269654,250),('晴雅集',16,'2020-12-25',37,451545466,251),('冰川时代4：大陆漂移',28,'2012-07-27',38,447433269,252),('冰川时代5：星际碰撞',15,'2016-08-23',32,447303951,253),('谍影重重5',16,'2016-08-23',33,447137308,254),('奔跑吧！兄弟',25,'2015-01-30',31,446443502,255),('灰姑娘',24,'2015-03-13',31,444783220,256),('反贪风暴3',10,'2018-09-14',36,442986243,257),('星际迷航3：超越星辰',14,'2016-09-02',35,441012421,258),('峰爆',8,'2021-09-17',38,437663001,259),('小黄人大眼萌',20,'2015-09-13',34,435801791,260),('地心引力',23,'2013-11-19',41,435643163,261),('全球风暴',13,'2017-10-27',35,433799940,262),('蜘蛛侠：平行宇宙',13,'2018-12-21',36,427604152,263),('血战钢锯岭',19,'2016-12-08',30,426590228,264),('最好的我们',10,'2019-06-06',32,417614471,265),('百团大战',38,'2015-08-28',41,415293648,266),('速度与激情6',33,'2013-07-26',33,413310079,267),('京城81号',30,'2014-07-18',35,412316117,268),('极品飞车',22,'2014-03-14',38,411676920,269),('X战警：黑凤凰',11,'2019-06-06',37,409374624,270),('建党伟业',37,'2011-06-15',35,409233031,271),('钟馗伏魔：雪妖魔灵',32,'2015-02-19',40,409232388,272),('星际特工：千星之城',15,'2017-08-25',35,409197954,273),('北京爱情故事',26,'2014-02-13',34,406699349,274),('明日边缘',24,'2014-06-06',38,406416571,275),('扫黑·决战',9,'2021-05-01',34,405516820,276),('诛仙Ⅰ',9,'2019-09-13',36,405234238,277),('沐浴之王',9,'2020-12-11',34,404716886,278),('007：无暇赴死',8,'2021-10-29',40,404542672,279),('建军大业',17,'2017-07-27',33,403770651,280),('变形金刚2',53,'2009-06-24',32,403664700,281),('驯龙高手2',24,'2014-08-14',37,403334969,282),('嫌疑人X的献身',15,'2017-03-31',34,402033261,283),('道士下山',24,'2015-07-02',40,400784996,284),('拆弹专家',20,'2017-04-28',33,400494451,285),('神奇动物：格林德沃之罪',12,'2018-11-16',38,398907852,286),('疯狂原始人',28,'2013-04-20',37,394759622,287),('超人：钢铁之躯',28,'2013-06-20',41,394489934,288),('忍者神龟2：破影而出',22,'2016-07-02',34,393601481,289),('建国大业',54,'2009-09-16',32,393287237,290),('爱宠大机密1',22,'2016-08-02',32,389249074,291),('白发魔女传之明月天国',24,'2014-07-31',38,389147938,292),('爱丽丝梦游仙境2：镜中奇遇记',15,'2016-05-27',33,387151276,293),('忍者神龟：变种时代',19,'2014-10-31',37,386793249,294),('盛夏未来',6,'2021-07-30',37,386734188,295),('地心历险记2：神秘岛',31,'2012-02-10',42,386546482,296),('爵迹',18,'2016-09-30',34,382905436,297),('“大”人物',9,'2019-01-10',36,381049434,298),('栀子花开',32,'2015-07-10',32,379008278,299),('荒野猎人',22,'2016-03-18',30,377400507,300);

/*Table structure for table `rowpie_movbyshoco_lis` */

DROP TABLE IF EXISTS `rowpie_movbyshoco_lis`;

CREATE TABLE `rowpie_movbyshoco_lis` (
  `MovieName` varchar(200) NOT NULL,
  `ReleaseDate` date DEFAULT NULL,
  `ReleaseDay` int(11) DEFAULT NULL,
  `GenreMain` varchar(200) DEFAULT NULL,
  `Irank` int(11) NOT NULL,
  `ShowCount` int(11) NOT NULL,
  `SwShowCount` int(11) NOT NULL,
  `XwShowCount` int(11) NOT NULL,
  `HjShowCount` int(11) NOT NULL,
  `JyShowCount` int(11) NOT NULL,
  `ShowCountMoM` float DEFAULT NULL,
  `SwShowCountMoM` float DEFAULT NULL,
  `XwShowCountMoM` float DEFAULT NULL,
  `HjShowCountMoM` float DEFAULT NULL,
  `JyShowCountMoM` float DEFAULT NULL,
  PRIMARY KEY (`Irank`)
) ENGINE=InnoDB DEFAULT CHARSET=utf8;

/*Data for the table `rowpie_movbyshoco_lis` */

insert  into `rowpie_movbyshoco_lis`(`MovieName`,`ReleaseDate`,`ReleaseDay`,`GenreMain`,`Irank`,`ShowCount`,`SwShowCount`,`XwShowCount`,`HjShowCount`,`JyShowCount`,`ShowCountMoM`,`SwShowCountMoM`,`XwShowCountMoM`,`HjShowCountMoM`,`JyShowCountMoM`) values ('古董局中局','2021-12-03',1,'剧情',1,118141,12191,53263,33432,19255,18802.6,0,0,5624.66,481275),('扬名立万','2021-11-11',23,'喜剧',2,63643,7446,29169,16753,10275,-34.28,-25.53,-35.85,-37.57,-27.34),('你的世界如果没有我','2021-12-03',1,'剧情',3,47896,5979,21018,12507,8392,60527.9,0,0,0,11555.6),('门锁','2021-11-19',15,'剧情',4,26475,3790,11780,5509,5396,-53.44,-35.11,-53.9,-63.64,-45.81),('只要你过得比我好','2021-12-03',1,'剧情',5,26166,4559,12534,5376,3697,2616500,0,0,0,0),('我们是第一书记','2021-12-03',1,'纪录片',6,15201,6215,6389,849,1748,1520000,0,0,0,0),('铁道英雄','2021-11-19',15,'动作',7,11428,1653,5750,2525,1500,-69.52,-59.82,-67.74,-74.8,-71.36),('长津湖','2021-09-30',65,'剧情',8,9466,1592,4875,2277,722,-58.38,-50.47,-57.23,-64.83,-48.24),('无尽攀登','2021-12-03',1,'纪录片',9,4779,97,2823,932,927,1082.92,0,0,136.55,0),('梅艳芳','2021-11-12',22,'剧情',10,4129,461,2039,916,713,-72.94,-70.9,-72.72,-75.5,-69.56),('迷你特工队之拯救恐龙王','2021-11-27',7,'动画',11,2978,495,1111,1367,5,-33.78,-48.17,-48.94,7.47,-50),('007：无暇赴死','2021-10-29',36,'动作',12,2555,311,1211,616,417,-59.5,-63.75,-58.99,-61.55,-49.88),('假如明天来临','2021-12-03',1,'剧情',13,2150,956,894,154,146,214900,0,0,0,0),('银行家','2021-11-26',8,'剧情',14,1657,257,849,309,242,-89.81,-86.59,-89.36,-91.81,-90.09),('丛林奇航','2021-11-12',22,'动作',15,1407,182,675,332,218,-73.33,-70.5,-74.56,-71.84,-70.62),('野马分鬃','2021-11-26',8,'剧情',16,1237,233,675,184,145,-91.41,-86.92,-90.6,-94.22,-92.93),('嫌疑人之不可撤销','2021-12-03',1,'剧情',17,1078,486,380,87,125,0,0,0,0,0),('哦！文姬','2021-12-03',1,'剧情',18,995,113,396,271,215,16483.3,0,0,0,3483.33),('越界','2021-10-29',36,'惊悚',19,570,22,45,13,490,-49.2,-53.19,-70.39,-81.16,-40.96),('芒咕的动物城','2021-11-19',15,'动画',20,510,70,215,218,7,-38.26,-55.13,-45.84,-0.91,0),('天书奇谭4K纪念版','2021-11-05',29,'动画',21,471,105,220,131,15,-60.29,-53.74,-67.21,-42.04,-63.41),('医者仁心','2021-11-11',23,'剧情',22,464,257,99,88,20,-23.43,100.78,-22.05,-67.41,-47.37),('沙丘','2021-10-22',43,'科幻',23,451,75,209,85,82,-59.48,-49.32,-62.68,-62.39,-50.6),('中国机长','2019-09-30',796,'剧情',24,388,157,180,27,24,-69.38,-58.47,-67.15,-83.64,-76),('我和我的父辈','2021-09-30',65,'剧情',25,365,61,205,66,33,-65.2,-66.3,-63.65,-67.65,-54.79),('入殓师','2021-10-29',36,'剧情',26,243,43,114,38,48,-74.47,-62.93,-75.85,-79.35,-72.25),('蜜熊的音乐奇旅','2021-11-05',29,'动画',27,204,39,88,75,2,-37.04,-46.58,-38.46,-8.54,0),('永不消逝的电波',NULL,NULL,NULL,28,196,123,55,5,13,-77.16,-71.79,-82.03,-70.59,-62.86),('不老奇事','2021-11-05',29,'爱情',29,141,23,72,30,16,-76.3,-71.25,-75.17,-74.36,-82.22),('女篮五号',NULL,NULL,NULL,30,134,97,27,3,7,-50.37,-33.1,-60.29,-25,-69.57),('猪迪克之蓝海奇缘','2021-11-06',28,'动画',31,102,21,56,25,0,-28.17,-48.78,-17.65,4.17,0),('奇情快车','2021-11-28',6,'剧情',32,97,43,34,6,14,-30.71,-8.51,-22.73,-53.85,-41.67),('七月的舞步','2021-11-26',8,'剧情',33,80,23,34,6,17,-92.69,-86.93,-93.35,-96.41,-91.01),('夺冠','2020-09-25',435,'剧情',34,80,43,27,7,3,-78.95,-62.28,-83.13,-84.09,-90),('三湾改编','2021-07-19',138,'战争',35,77,8,43,14,12,-2.53,-46.67,26.47,0,300),('特种部队：蛇眼起源','2021-11-05',29,'动作',36,75,13,41,12,9,-72.01,-59.38,-70.29,-75,-74.29),('捞世界','2021-11-25',9,'喜剧',37,71,16,31,8,16,-93.83,-92.34,-93.62,-94.97,-94.12),('邓小平小道','2022-03-11',-97,'剧情',38,67,9,43,13,2,-17.28,80,-4.44,-51.85,100),('半个月亮爬上来','2021-12-03',1,'爱情',39,38,22,11,1,4,3700,0,0,0,0),('顺子加油','2021-10-21',44,'剧情',40,37,6,16,13,2,54.17,20,45.45,160,0),('镇伏司·火神之怒','2021-12-03',1,'动作',41,36,6,12,9,9,0,0,0,0,0),('宝可梦：皮卡丘和可可的冒险','2021-09-10',85,'动画',42,34,7,15,11,1,3.03,-12.5,-11.76,120,-50),('乌海','2021-10-29',36,'剧情',43,28,8,7,6,7,-79.26,-63.64,-86.79,-80,-65),('老鹰抓小鸡','2021-10-01',64,'动画',44,26,3,12,11,0,13.04,-50,33.33,83.33,-100),('拯救甜甜圈：时空大营救','2021-10-03',62,'动画',45,25,3,11,9,2,-16.67,-57.14,-8.33,-18.18,0),('雅马哈鱼档',NULL,NULL,NULL,46,21,15,5,0,1,-63.16,-50,-72.22,-100,-50),('柳堡的故事',NULL,NULL,'剧情',47,21,13,6,1,1,-69.12,-63.89,-70,-50,-50),('袁隆平','2009-06-19',4551,'剧情',48,20,13,1,2,4,-51.22,-7.14,-85.71,0,33.33),('蒋筑英',NULL,NULL,NULL,49,20,15,5,0,0,-62.26,-28.57,-72.22,0,-100),('信者','2021-11-05',29,NULL,50,20,1,15,3,1,-72.22,-85.71,-46.43,-81.25,-80),('铁马英歌','2021-11-11',23,'剧情',51,18,10,6,1,1,-14.29,66.67,-40,-75,0),('我的初恋十八岁',NULL,NULL,'爱情',52,17,1,8,5,3,-52.78,-50,-55.56,-28.57,-50),('我的父亲焦裕禄','2021-08-06',120,'剧情',53,17,2,12,2,1,-43.33,-66.67,9.09,100,-50),('焦裕禄','2012-02-17',3578,'纪录片',54,16,10,4,0,2,-60,-28.57,-73.33,0,-50),('穿过雨林','2021-11-24',10,'剧情',55,15,0,14,1,0,-50,-100,-33.33,-66.67,-100),('开始而已','2021-08-01',125,'剧情',56,12,2,3,1,6,0,0,50,0,-14.29),('笨鸟大冒险','2021-12-04',0,'动画',57,10,4,4,2,0,0,0,0,0,0),('赤砂','2021-12-03',1,'剧情',58,8,1,6,1,0,0,0,0,0,0),('深宅迷案','2021-10-15',50,'惊悚',59,8,0,0,0,8,-70.37,0,-100,-100,-57.89),('世上只有妈妈好','2021-11-06',28,'剧情',60,7,0,5,1,1,-83.72,-100,-79.17,-83.33,-66.67),('1950他们正年轻','2021-09-03',92,'纪录片',61,7,4,2,1,0,16.67,300,-33.33,0,0),('沙家店粮站',NULL,NULL,'剧情',62,7,3,4,0,0,-66.67,-72.73,0,0,-100),('忠诚与背叛','2012-05-23',3482,'剧情',63,7,5,0,0,2,-69.57,-37.5,-100,-100,0),('奔跑的笨蛋','2021-11-19',15,'喜剧',64,6,0,3,3,0,-33.33,-100,0,50,-100),('探探猫人鱼公主','2021-10-01',64,'动画',65,5,1,2,2,0,-37.5,-50,-50,100,-100),('第一书记','2010-07-15',4160,'剧情',66,5,3,2,0,0,0,0,0,0,0),('村路弯弯',NULL,NULL,NULL,67,5,0,5,0,0,-37.5,0,66.67,0,0),('王良军长','2021-09-24',71,'剧情',68,4,0,3,1,0,-55.56,0,0,0,0),('张思德','2004-10-10',6264,'剧情',69,4,1,3,0,0,-76.47,-75,0,-100,-100),('天书奇谭',NULL,NULL,'动画',70,3,0,2,1,0,0,0,0,0,0),('守望',NULL,NULL,'剧情',71,3,0,0,3,0,0,0,-100,50,0),('花季·雨季',NULL,NULL,NULL,72,3,1,2,0,0,-50,-66.67,100,0,0),('妈妈，我想你','2019-12-27',708,'剧情',73,3,1,1,1,0,-90.32,-50,-94.44,-87.5,-100),('十八洞村','2017-10-13',1513,'剧情',74,3,3,0,0,0,-75,-25,-100,0,0),('布德之路','2021-09-10',85,'剧情',75,3,0,2,1,0,0,0,100,0,0),('陪你很久很久','2021-09-09',86,'爱情',76,3,0,1,1,1,-50,0,0,0,-50),('青春再见青春','2021-09-13',82,'剧情',77,3,3,0,0,0,-62.5,0,0,0,0),('上甘岭',NULL,NULL,'战争',78,2,2,0,0,0,100,100,0,0,0),('大鱼海棠','2016-07-08',1975,'动画',79,2,0,0,0,2,0,0,0,0,0),('我和我的祖国','2019-09-30',796,'剧情',80,2,0,1,0,1,-81.82,-100,-50,0,0),('红船','2021-07-09',148,'剧情',81,2,1,1,0,0,-50,0,-50,-100,0),('演员','2021-10-30',35,'纪录片',82,2,1,0,1,0,-50,0,-100,0,-100),('幕后人','2021-09-17',78,'剧情',83,2,0,0,2,0,0,0,0,0,0),('超时空日记','2021-12-03',1,'爱情',84,2,0,1,0,1,0,0,0,0,0),('小兵张嘎',NULL,NULL,'动画',85,2,2,0,0,0,0,0,0,0,0),('第一炉香','2021-10-22',43,'剧情',86,2,1,0,1,0,0,0,0,0,0),('董存瑞',NULL,NULL,NULL,87,2,2,0,0,0,100,100,0,0,0),('冰上姐妹',NULL,NULL,NULL,88,2,1,1,0,0,-71.43,-75,0,0,-100),('呼吸的音乐','2021-08-25',101,'剧情',89,2,0,2,0,0,0,0,0,0,0),('远去的牧歌','2018-10-15',1146,'剧情',90,2,2,0,0,0,-60,0,0,0,0),('春天的狂想',NULL,NULL,'剧情',91,2,2,0,0,0,0,100,0,0,-100),('一点就到家','2020-10-04',426,'剧情',92,2,2,0,0,0,-83.33,-71.43,-100,0,-100),('我的喜马拉雅',NULL,NULL,'剧情',93,1,1,0,0,0,-85.71,-66.67,-100,0,0),('霓虹灯下的哨兵',NULL,NULL,NULL,94,1,1,0,0,0,-87.5,0,-100,0,0),('冰山下的来客',NULL,NULL,NULL,95,1,1,0,0,0,0,0,0,0,0),('指引','2021-11-11',23,NULL,96,1,0,0,1,0,-50,0,-100,0,0),('辛亥革命','2011-09-23',3725,'剧情',97,1,1,0,0,0,0,0,-100,0,0),('一江春水',NULL,NULL,'剧情',98,1,0,0,1,0,0,0,0,0,0),('加油兄弟','2021-11-25',9,'动作',99,1,0,0,1,0,0,0,-100,0,0),('非常·主播','2021-09-10',85,'喜剧',100,1,0,1,0,0,0,0,0,0,0);

/*Table structure for table `tb_stu` */

DROP TABLE IF EXISTS `tb_stu`;

CREATE TABLE `tb_stu` (
  `id` int(11) NOT NULL AUTO_INCREMENT,
  `name` varchar(30) DEFAULT NULL,
  `sex` varchar(2) DEFAULT NULL,
  `birthday` date DEFAULT NULL,
  PRIMARY KEY (`id`)
) ENGINE=InnoDB AUTO_INCREMENT=15 DEFAULT CHARSET=utf8;

/*Data for the table `tb_stu` */

insert  into `tb_stu`(`id`,`name`,`sex`,`birthday`) values (2,'小红','女','2015-09-01'),(3,'张三','男','2010-02-12'),(4,'李四','女','2009-09-10'),(11,'张一','女','2012-12-03'),(12,'张一','女','2012-12-03'),(13,'张一','女','2012-12-03'),(14,'张一','女','2012-12-03');

/*Table structure for table `trebywholegrail_day_chart1` */

DROP TABLE IF EXISTS `trebywholegrail_day_chart1`;

CREATE TABLE `trebywholegrail_day_chart1` (
  `InsertDate` date NOT NULL,
  `BoxOffice` double DEFAULT NULL,
  `ShowCount` int(11) NOT NULL,
  `AudienceCount` int(11) NOT NULL,
  PRIMARY KEY (`InsertDate`)
) ENGINE=InnoDB DEFAULT CHARSET=utf8;

/*Data for the table `trebywholegrail_day_chart1` */

insert  into `trebywholegrail_day_chart1`(`InsertDate`,`BoxOffice`,`ShowCount`,`AudienceCount`) values ('2019-11-27',46808214.35,335908,1320041),('2019-11-28',44352857.76,334037,1254150),('2019-11-29',130950969.9,412851,3833195),('2019-11-30',223545110.47,404566,6504709),('2019-12-01',176361028.99,395534,5098195),('2019-12-02',54925683.2,350755,1554384),('2019-12-03',49026196.06,347043,1400743),('2019-12-04',46217848.8,345521,1268675),('2019-12-05',55812369.3,343876,1394462),('2019-12-06',145818288.42,363183,4166503),('2019-12-07',204333489.94,379189,5834149),('2019-12-08',159339235.89,372799,4557773),('2019-12-09',58040190.15,331539,1632917),('2019-12-10',56403901.63,331942,1607793),('2019-12-11',53091866.8,330861,1521855),('2019-12-12',72707494.92,349015,1939134),('2019-12-13',142468381.39,378249,3824703),('2019-12-14',221182460.04,385804,6183428),('2019-12-15',197781838.47,382241,5478431),('2019-12-16',88359854.89,340250,2333335),('2019-12-17',86979865.97,339065,2256867),('2019-12-18',86318504.43,334300,2266402),('2019-12-19',86531326.76,332837,2307616),('2019-12-20',205744560.2,379061,5611264),('2019-12-21',278059101.64,388598,7826951),('2019-12-22',227461386.23,382528,6395545),('2019-12-23',97279005.99,340782,2776458),('2019-12-24',136323435.37,349102,3899273),('2019-12-25',130127295.88,355739,3735286),('2019-12-26',80315228.51,343762,2312933),('2019-12-27',126651600.05,387697,3502094),('2019-12-28',188258763.12,404105,5265232),('2019-12-29',157156552.5,395926,4326986),('2019-12-30',79032908.12,351759,2172570),('2019-12-31',336660764.1,400279,9485572),('2021-01-01',602741058.21,412484,15841929),('2021-01-02',434219924.31,400004,11366012),('2021-01-03',266364229.4,388849,6990242),('2021-01-04',108623936.35,323946,2935562),('2021-01-05',88570935.57,327074,2397273),('2021-01-06',74005949.71,318547,2014138),('2021-01-07',63641908.91,313666,1726625),('2021-01-08',88634786,334049,2407409),('2021-01-09',158701968.2,360306,4264650),('2021-01-10',130604067.67,356121,3518543),('2021-01-11',50977546.38,308654,1390463),('2021-01-12',46561842.02,302985,1272194),('2021-01-13',45534732.78,300687,1244597),('2021-01-14',44582902.88,299493,1215426),('2021-01-15',76947572.94,348555,2116794),('2021-01-16',124949169.37,361934,3367384),('2021-01-17',104912425.35,355945,2837398),('2021-01-18',45617058.47,302500,1254107),('2021-01-19',44341386.03,300110,1224259),('2021-01-20',43734693.8,298334,1212527),('2021-01-21',43329222.48,297851,1203826),('2021-01-22',61647983.08,333313,1754186),('2021-01-23',95183051.96,355234,2642987),('2021-01-24',88642956.64,350439,2471948),('2021-01-25',44214174.77,303661,1260456),('2021-01-26',44745025.78,301982,1282438),('2021-01-27',47022698.42,301261,1352854),('2021-01-28',47478050.94,301273,1365387),('2021-01-29',54009098.02,339606,1544022),('2021-01-30',82935297.3,359579,2255409),('2021-01-31',80318209.41,349484,2210367),('2021-02-01',42524749.96,309453,1190573),('2021-02-02',40111676.12,308999,1135495),('2021-02-03',38330354.64,308967,1085713),('2021-02-04',40093047.51,309294,1130541),('2021-02-05',43400388.99,318325,1217628),('2021-02-06',59300778.92,340399,1609309),('2021-02-07',47172707.37,332469,1312221),('2021-02-08',42811129.51,311185,1203515),('2021-02-09',44929714.45,310990,1234295),('2021-02-10',39263932.24,304908,1092846),('2021-02-11',15968177.32,116258,429008),('2021-02-12',1692033516.84,499037,34430520),('2021-02-13',1379856045.28,462762,27968750),('2021-02-14',1472086850.63,461638,29322023),('2021-02-15',1188680523.21,448172,24394484),('2021-02-16',1114093509.39,447401,23147580),('2021-02-17',980647123.64,438097,20713294),('2021-02-18',748451838.44,417472,16710961),('2021-02-19',565057164.29,403820,12954927),('2021-02-20',501845640.63,401796,11579752),('2021-02-21',477544897.72,399929,11022760),('2021-02-22',268137571.04,382287,6409004),('2021-02-23',231596790.28,379726,5579966),('2021-02-24',199616117.45,375355,4845656),('2021-02-25',186402501.94,374142,4547667),('2021-02-26',265430146.72,409549,6626905),('2021-02-27',314137591.01,400086,7823399),('2021-02-28',233248040.11,394428,5813535),('2021-03-01',84432896.54,348758,2158240),('2021-03-02',75989567.17,343597,1950527),('2021-03-03',66542902.8,339213,1713088),('2021-03-04',60154081.41,337576,1553555),('2021-03-05',86875592.85,355889,2278770),('2021-03-06',178663706.25,376102,4650312),('2021-03-07',144268025.95,373916,3764320),('2021-03-08',105838314.52,338414,2815699),('2021-03-09',42404769.91,331738,1110281),('2021-03-10',38581495.24,329499,1010120),('2021-03-11',35502425.94,324125,927403),('2021-03-12',69261653.07,349839,1853678),('2021-03-13',154881543.6,356879,4193577),('2021-03-14',136661429,354416,3714857),('2021-03-15',41020761.41,309292,1123348),('2021-03-16',37348865.77,305998,1022921),('2021-03-17',33487564.63,304312,919027),('2021-03-18',31296846.68,303072,858138),('2021-03-19',54760591.47,350273,1543125),('2021-03-20',116565188.31,362071,3223375),('2021-03-21',91908110.52,356286,2535874),('2021-03-22',26362048.7,310792,734174),('2021-03-23',24605914.14,307187,683662),('2021-03-24',23317168.85,304626,649229),('2021-03-25',22846919.25,303684,626779),('2021-03-26',158211986.29,362468,4194389),('2021-03-27',229611028.87,380848,6069538),('2021-03-28',173621496.79,377999,4585929),('2021-03-29',60435045.91,327524,1603656),('2021-03-30',51562867.62,326192,1370207),('2021-03-31',47863702.26,322871,1280995),('2021-04-01',44604250.69,319401,1188757),('2021-04-02',153760898.26,363883,4154928),('2021-04-03',309935175.38,422685,8389593),('2021-04-04',320698252.63,409832,8701888),('2021-04-05',192248278.79,401777,5235377),('2021-04-06',58758304.42,340711,1583669),('2021-04-07',50674727.15,336557,1367801),('2021-04-08',44623461.29,333906,1199375),('2021-04-09',66700023.37,359942,1818744),('2021-04-10',130611256,382849,3579874),('2021-04-11',101269849.91,378922,2772822),('2021-04-12',32659392.37,328641,882688),('2021-04-13',30940803.38,325893,834334),('2021-04-14',32029250.61,324495,869707),('2021-04-15',30444184.06,323548,829584),('2021-04-16',60983935.95,364773,1727116),('2021-04-17',156594765.31,397837,4532732),('2021-04-18',104945438.43,384440,3000639),('2021-04-19',32204629.94,329617,919159),('2021-04-20',28932173.73,326163,822799),('2021-04-21',28016060.04,324567,790036),('2021-04-22',26445011.71,322897,744710),('2021-04-23',43876127.35,336316,1234143),('2021-04-24',75750017.33,361365,2123091),('2021-04-25',36229919.53,340192,1023444),('2021-04-26',22986198.74,315695,650616),('2021-04-27',22461494.05,313596,642072),('2021-04-28',23129979.89,312278,662598),('2021-04-29',28702192.44,312008,807663),('2021-04-30',206962710.31,357633,5547552),('2021-05-01',457154606.44,485013,11986048),('2021-05-02',377296913.33,456180,9966889),('2021-05-03',335012697.04,448982,8883713),('2021-05-04',297286062.5,441119,7919480),('2021-05-05',206771902.34,431209,5506249),('2021-05-06',94175656.88,366890,2557094),('2021-05-07',91389959.69,363890,2499790),('2021-05-08',128035360.25,370462,3504589),('2021-05-09',159268510.83,397873,4313095),('2021-05-10',69218994.87,357163,1947361),('2021-05-11',63860310.91,354817,1806878),('2021-05-12',58684784.17,352581,1656325),('2021-05-13',54433331.87,349721,1533317),('2021-05-14',81776073.17,369229,2319084),('2021-05-15',146147706.91,400510,4031472),('2021-05-16',115998463.53,390407,3196987),('2021-05-17',44032047.21,342412,1220997),('2021-05-18',40619369.14,340103,1120472),('2021-05-19',38652759.48,338652,1073792),('2021-05-20',233806926.97,401660,6216032),('2021-05-21',371842563.46,381537,9517779),('2021-05-22',383436131.24,385416,9748303),('2021-05-23',254402070.03,380386,6486586),('2021-05-24',94544909.75,336865,2500650),('2021-05-25',74613993.96,333699,1997641),('2021-05-26',61129086.44,331741,1649883),('2021-05-27',55245127.24,331006,1497489),('2021-05-28',105947971.09,388586,2988733),('2021-05-29',178012988.97,418526,4965310),('2021-05-30',138533816.02,412552,3867567),('2021-05-31',55282025.71,362506,1567947),('2021-06-01',143580535.26,399983,4201521),('2021-06-02',39533022.7,349209,1104807),('2021-06-03',37070330.49,348908,1035045),('2021-06-04',52741436.67,372412,1473964),('2021-06-05',101976744.3,399188,2842278),('2021-06-06',90631347.5,388150,2532918),('2021-06-07',40401623.18,340277,1141941),('2021-06-08',36026581.67,337215,1022826),('2021-06-09',35066425.51,336448,999157),('2021-06-10',34251542.86,335483,982897),('2021-06-11',77387499.88,388047,2171446),('2021-06-12',155740792.41,453592,4291913),('2021-06-13',172229723.86,431501,4815484),('2021-06-14',147452855.64,423643,4161408),('2021-06-15',50210915.04,366118,1426161),('2021-06-16',45687349.81,361058,1305334),('2021-06-17',44788628.78,353105,1278837),('2021-06-18',65146827.5,385506,1812881),('2021-06-19',102960126,397720,2871352),('2021-06-20',97417065.89,393241,2710112),('2021-06-21',42996626.06,346979,1239700),('2021-06-22',40942401.95,342854,1186152),('2021-06-23',39977500.24,341396,1157018),('2021-06-24',41704280.42,340538,1212060),('2021-06-25',71963567.37,356627,2099412),('2021-06-26',100506270.37,388784,2857925),('2021-06-27',92000731.22,379502,2612257),('2021-06-28',40271178.75,344361,1191712),('2021-06-29',42236751.2,342770,1259692),('2021-06-30',45914355.56,342160,1381465),('2021-07-01',117024163.62,344827,3398185),('2021-07-02',80233446.4,347897,2317799),('2021-07-03',111299210.38,372978,3156029),('2021-07-04',101916085.17,375693,2883598),('2021-07-05',46825008.29,343457,1366542),('2021-07-06',45685709.9,345828,1339400),('2021-07-07',46078428.38,346983,1353523),('2021-07-08',46499418.86,349144,1357108),('2021-07-09',145000150.77,400869,3965168),('2021-07-10',179905542.19,398216,4867156),('2021-07-11',190514518.62,393934,5173089),('2021-07-12',99290275.24,356009,2741001),('2021-07-13',93235997.94,353842,2575365),('2021-07-14',87474276.97,351945,2421607),('2021-07-15',81365587.17,350241,2250147),('2021-07-16',104888847.88,386966,2913674),('2021-07-17',195492544.15,425321,5247835),('2021-07-18',184257979.32,402583,4957000),('2021-07-19',77364816.56,367127,2139308),('2021-07-20',70647290.16,362686,1953708),('2021-07-21',62516983.58,358254,1732126),('2021-07-22',58795193.24,354881,1636852),('2021-07-23',120027245.47,373145,3179849),('2021-07-24',151800037.04,388193,3972501),('2021-07-25',137849742.88,370781,3649364),('2021-07-26',71622262.69,340511,1915746),('2021-07-27',65764543.94,341457,1765051),('2021-07-28',62524594.41,336286,1678031),('2021-07-29',64635338.11,333423,1742083),('2021-07-30',149824386.34,365227,4036287),('2021-07-31',180339630.77,375154,4738291),('2021-08-01',171770747.25,355553,4489932),('2021-08-02',86409118.77,317405,2307118),('2021-08-03',75901139.17,309659,2020101),('2021-08-04',67270532.62,300747,1779414),('2021-08-05',58669208.47,287868,1546912),('2021-08-06',63819217.73,296014,1679276),('2021-08-07',98360162.85,298920,2526862),('2021-08-08',95521954.74,282581,2463058),('2021-08-09',47498159.01,245369,1242582),('2021-08-10',44199518.48,240912,1152556),('2021-08-11',41523745.19,239305,1077658),('2021-08-12',38686140.47,246456,1013337),('2021-08-13',49892387.11,260012,1344380),('2021-08-14',197854500.3,308401,5228177),('2021-08-15',82750024.84,281594,2219336),('2021-08-16',39664100.54,248709,1091507),('2021-08-17',35860189.3,246860,989679),('2021-08-18',33725898.09,245753,937966),('2021-08-19',31863618.97,247193,888567),('2021-08-20',42350416,280737,1176217),('2021-08-21',69207396.84,302360,1870296),('2021-08-22',66041171.45,295431,1796964),('2021-08-23',35638640.23,269552,997561),('2021-08-24',33677965.43,271048,951024),('2021-08-25',32510465.45,272943,923074),('2021-08-26',33433849.48,277846,949326),('2021-08-27',66196714.01,321711,1809148),('2021-08-28',105221916.95,337080,2773930),('2021-08-29',107491733.18,332437,2853689),('2021-08-30',53816330.12,298513,1486709),('2021-08-31',44657470.87,296591,1232886),('2021-09-01',37430402.18,301162,1016955),('2021-09-02',33424003.05,305650,908538),('2021-09-03',53847777.57,324674,1478617),('2021-09-04',108423838.45,351368,2885436),('2021-09-05',89524870.02,347658,2405483),('2021-09-06',29819836.67,307287,824044),('2021-09-07',27476489.86,305943,760794),('2021-09-08',25768055.58,304800,707789),('2021-09-09',63234476.67,313850,1885195),('2021-09-10',56128211.82,374107,1627855),('2021-09-11',98877285.4,381659,2752086),('2021-09-12',77326193.18,371438,2157138),('2021-09-13',24873350.03,323364,705289),('2021-09-14',23087366.94,320096,651907),('2021-09-15',22373366.31,318389,638166),('2021-09-16',22593460.49,315779,632153),('2021-09-17',45589866.31,323348,1230481),('2021-09-18',61074835.47,335914,1647828),('2021-09-19',159429104.6,426930,4287143),('2021-09-20',179867071.16,407610,4841266),('2021-09-21',160524481.94,399210,4332055),('2021-09-22',42415755.46,337533,1162777),('2021-09-23',35070639.21,332596,970956),('2021-09-24',46159216.97,347476,1273214),('2021-09-25',76610499.29,367950,2063163),('2021-09-26',40531092.99,337488,1102725),('2021-09-27',31463056.62,318335,857271),('2021-09-28',31123962.79,315894,852865),('2021-09-29',39835643.45,313015,1060479),('2021-09-30',282369535.75,308851,6102543),('2021-10-01',630332483.66,372969,13532605),('2021-10-02',634796796.98,351779,13565019),('2021-10-03',659297165.86,354523,14068357),('2021-10-04',652598127.15,347461,13910702),('2021-10-05',650574161.97,344225,13872685),('2021-10-06',663810817.34,343272,14136885),('2021-10-07',497954497.91,336752,10622175),('2021-10-08',199004183.05,294645,4303050),('2021-10-09',287909856.67,293002,6265611),('2021-10-10',378160206.47,312429,8230731),('2021-10-11',126226034.38,281147,2753519),('2021-10-12',108173322.96,277418,2379994),('2021-10-13',96149184.83,274123,2136986),('2021-10-14',92048728.74,273204,2063563),('2021-10-15',148098515.99,310429,3362616),('2021-10-16',276116870.53,326097,6190105),('2021-10-17',199296633.01,318021,4467320),('2021-10-18',66051295.91,281034,1479594),('2021-10-19',62216358.52,276344,1404194),('2021-10-20',57583262.92,272166,1310764),('2021-10-21',53874224.03,268184,1232210),('2021-10-22',117203372.91,297065,2908585),('2021-10-23',191478828.96,327252,4759048),('2021-10-24',133167771.98,304516,3305691),('2021-10-25',47516645.01,265349,1208269),('2021-10-26',46245791,261897,1185082),('2021-10-27',43441093.18,259698,1124143),('2021-10-28',43362133.19,261991,1119132),('2021-10-29',101627572.36,292609,2661527),('2021-10-30',178798373.89,307622,4627430),('2021-10-31',134110441.49,297500,3483702),('2021-11-01',46714165.65,259313,1232931),('2021-11-02',41005755.37,256606,1083945),('2021-11-03',36994687.52,244806,971275),('2021-11-04',34197756.95,239188,899163),('2021-11-05',57854006.25,283020,1549390),('2021-11-06',109250159.41,340676,2895603),('2021-11-07',78922684.48,310417,2077441),('2021-11-08',24614611.65,244512,664095),('2021-11-09',22901329.78,239316,617262),('2021-11-10',21463007.12,238601,581465),('2021-11-11',29624347.69,248603,801353),('2021-11-12',55644332.26,274323,1545923),('2021-11-13',116877289.62,293821,3177764),('2021-11-14',104382614.57,292620,2825331),('2021-11-15',43022056.94,256548,1183183),('2021-11-16',41349001.88,255893,1136411),('2021-11-17',39681204.99,259686,1094815),('2021-11-18',39073869.17,265866,1077902),('2021-11-19',101177337.32,312088,2839247),('2021-11-20',179674160.14,374004,4937303),('2021-11-21',132317081.08,347087,3586351),('2021-11-22',47068669.68,302305,1291412),('2021-11-23',44101534.92,298840,1215048),('2021-11-24',40986250.64,298230,1132385),('2021-11-25',39265853.71,298823,1091296),('2021-11-26',60958563.46,330170,1699526),('2021-11-27',129874333.8,355151,3565671),('2021-11-28',101227703.25,350729,2767934),('2021-11-29',34945216.76,304027,959926),('2021-11-30',32702403.28,301368,906338),('2021-12-01',30534642.86,300073,840490),('2021-12-02',29496373.4,291884,807476),('2021-12-03',78716736.72,347790,2133870);

/*Table structure for table `trebywholegrail_day_chart2` */

DROP TABLE IF EXISTS `trebywholegrail_day_chart2`;

CREATE TABLE `trebywholegrail_day_chart2` (
  `MovieProperty` varchar(200) NOT NULL,
  `BoxOffice` double DEFAULT NULL,
  `ShowCount` int(11) NOT NULL,
  `AudienceCount` int(11) NOT NULL,
  `Sdate` date NOT NULL,
  `Edate` date NOT NULL,
  PRIMARY KEY (`Sdate`,`Edate`,`MovieProperty`)
) ENGINE=InnoDB DEFAULT CHARSET=utf8;

/*Data for the table `trebywholegrail_day_chart2` */

insert  into `trebywholegrail_day_chart2`(`MovieProperty`,`BoxOffice`,`ShowCount`,`AudienceCount`,`Sdate`,`Edate`) values ('国产',391967858.21,1929895,10757953,'2021-11-27','2021-12-03'),('进口',45505538.27,321089,1223302,'2021-11-27','2021-12-03');

/*Table structure for table `trebywholegrail_day_chart3` */

DROP TABLE IF EXISTS `trebywholegrail_day_chart3`;

CREATE TABLE `trebywholegrail_day_chart3` (
  `MovieFormatID` int(11) NOT NULL,
  `BoxOffice` double NOT NULL,
  `ShowCount` int(11) NOT NULL,
  `AudienceCount` int(11) NOT NULL,
  `MovieFormat` varchar(200) NOT NULL,
  PRIMARY KEY (`MovieFormatID`)
) ENGINE=InnoDB DEFAULT CHARSET=utf8;

/*Data for the table `trebywholegrail_day_chart3` */

insert  into `trebywholegrail_day_chart3`(`MovieFormatID`,`BoxOffice`,`ShowCount`,`AudienceCount`,`MovieFormat`) values (1,437380172.54,2267283,11984809,'2D'),(2,16217754.39,83902,376148,'3D'),(3,83299404.21,494960,2309291,'IMAX'),(4,83847442.45,501067,2328279,'中国巨幕');

/*Table structure for table `trebywholegrail_day_chart4` */

DROP TABLE IF EXISTS `trebywholegrail_day_chart4`;

CREATE TABLE `trebywholegrail_day_chart4` (
  `CityLevel` int(11) NOT NULL,
  `BoxOffice` double NOT NULL,
  `ShowCount` int(11) NOT NULL,
  `AudienceCount` int(11) NOT NULL,
  `CityLevelName` varchar(200) NOT NULL,
  PRIMARY KEY (`CityLevel`)
) ENGINE=InnoDB DEFAULT CHARSET=utf8;

/*Data for the table `trebywholegrail_day_chart4` */

insert  into `trebywholegrail_day_chart4`(`CityLevel`,`BoxOffice`,`ShowCount`,`AudienceCount`,`CityLevelName`) values (1,87904860.55,253966,1941121,'一线城市'),(2,177203761.84,787821,4957409,'二线城市'),(3,79526374.8,505917,2310890,'三线城市'),(4,64649979.12,478017,1942644,'四线城市'),(5,28548093.33,243928,845875,'五线城市');

/*Table structure for table `trendbywholegrail_day_list` */

DROP TABLE IF EXISTS `trendbywholegrail_day_list`;

CREATE TABLE `trendbywholegrail_day_list` (
  `Irank` int(11) NOT NULL,
  `InsertDate` date NOT NULL,
  `BoxOffice` double NOT NULL,
  `BoxOfficeMoM` double NOT NULL,
  `ShowCount` int(11) NOT NULL,
  `ShowCountMoM` double NOT NULL,
  `AudienceCount` int(11) NOT NULL,
  `AudienceCountMoM` double NOT NULL,
  `AvgAudienceCount` int(11) NOT NULL,
  `AvgBoxOffice` int(11) NOT NULL,
  `BoxOfficeTop1` double DEFAULT NULL,
  `MovieNameInfo` varchar(200) NOT NULL,
  `ServicePrice` double NOT NULL,
  PRIMARY KEY (`Irank`)
) ENGINE=InnoDB DEFAULT CHARSET=utf8;

/*Data for the table `trendbywholegrail_day_list` */

insert  into `trendbywholegrail_day_list`(`Irank`,`InsertDate`,`BoxOffice`,`BoxOfficeMoM`,`ShowCount`,`ShowCountMoM`,`AudienceCount`,`AudienceCountMoM`,`AvgAudienceCount`,`AvgBoxOffice`,`BoxOfficeTop1`,`MovieNameInfo`,`ServicePrice`) values (1,'2021-12-03',78775567.28,167.33,357501,19.56,2136281,164.07,6,37,40085999.86,'古董局中局￥4009万 占51%',7226656.15),(2,'2021-12-02',29467898.4,-3.58,299018,-0.55,808974,-3.84,3,36,13326384.2,'扬名立万￥1333万 占45%',2819198.65),(3,'2021-12-01',30562429.92,-6.57,300678,-0.28,841286,-7.2,3,36,14736137.14,'扬名立万￥1474万 占48%',2974397.71),(4,'2021-11-30',32710642.32,-6.49,301508,-0.91,906565,-5.69,3,36,15603362.67,'扬名立万￥1560万 占48%',3080156.79),(5,'2021-11-29',34980544.97,-65.47,304279,-13.31,961227,-65.31,3,36,16768364.37,'扬名立万￥1677万 占48%',3354812.32),(6,'2021-11-28',101300489.35,-22.1,350982,-1.32,2771021,-22.44,8,37,48638581.83,'扬名立万￥4864万 占48%',9829577.75),(7,'2021-11-27',130035497.4,113.32,355683,7.73,3572585,110.21,10,36,63678838.14,'扬名立万￥6368万 占49%',12517147.53),(8,'2021-11-26',60958563.46,55.25,330170,10.49,1699526,55.73,5,36,28099975.95,'扬名立万￥2810万 占46%',5748512.72),(9,'2021-11-25',39265853.71,-4.2,298823,0.2,1091296,-3.63,4,36,17443853.8,'扬名立万￥1744万 占44%',3603463.55),(10,'2021-11-24',40986250.64,-7.06,298230,-0.2,1132385,-6.8,4,36,18553069.43,'扬名立万￥1855万 占45%',3789529.64),(11,'2021-11-23',44101534.92,-6.3,298840,-1.15,1215048,-5.91,4,36,20145149.42,'扬名立万￥2015万 占46%',4190174.67),(12,'2021-11-22',47068669.68,-64.43,302305,-12.9,1291412,-63.99,4,36,21348650.63,'扬名立万￥2135万 占45%',4561506.94),(13,'2021-11-21',132317081.08,-26.36,347087,-7.2,3586351,-27.36,10,37,57552468.76,'扬名立万￥5755万 占43%',13011049.98),(14,'2021-11-20',179674160.14,77.58,374004,19.84,4937303,73.89,13,36,66336945.77,'扬名立万￥6634万 占37%',17643119.33),(15,'2021-11-19',101177337.32,158.94,312088,17.39,2839247,163.4,9,36,39787091.37,'门锁￥3979万 占39%',9861735.42),(16,'2021-11-18',39073869.17,-1.53,265866,2.38,1077902,-1.54,4,36,21786926.85,'扬名立万￥2179万 占56%',3838130.58),(17,'2021-11-17',39681204.99,-4.03,259686,1.48,1094815,-3.66,4,36,22775345.1,'扬名立万￥2278万 占57%',3910114.81),(18,'2021-11-16',41349001.88,-3.89,255893,-0.26,1136411,-3.95,4,36,24108881.62,'扬名立万￥2411万 占58%',4155618.64),(19,'2021-11-15',43022056.94,-58.78,256548,-12.33,1183183,-58.12,5,36,25248180.13,'扬名立万￥2525万 占59%',4387098.45),(20,'2021-11-14',104382614.57,-10.69,292620,-0.41,2825331,-11.09,10,37,54832487.77,'扬名立万￥5483万 占53%',10427213.75),(21,'2021-11-13',116877289.62,110.04,293821,7.11,3177764,105.56,11,37,51514575.5,'扬名立万￥5151万 占44%',11560438.62),(22,'2021-11-12',55644332.26,87.83,274323,10.35,1545923,92.91,6,36,21369185.14,'扬名立万￥2137万 占38%',5472526.24),(23,'2021-11-11',29624347.69,38.03,248603,4.19,801353,37.82,3,37,11781915.29,'扬名立万￥1178万 占40%',2773988.35),(24,'2021-11-10',21463007.12,-6.28,238601,-0.3,581465,-5.8,2,37,6716631.63,'007：无暇赴死￥672万 占31%',1997011.94),(25,'2021-11-09',22901329.78,-6.96,239316,-2.13,617262,-7.05,3,37,7287534.81,'007：无暇赴死￥729万 占32%',2169498.89),(26,'2021-11-08',24614611.65,-68.81,244512,-21.23,664095,-68.03,3,37,7838124.29,'007：无暇赴死￥784万 占32%',2407851.92),(27,'2021-11-07',78922684.48,-27.76,310417,-8.88,2077441,-28.26,7,38,23694184.59,'007：无暇赴死￥2369万 占30%',7634934.75),(28,'2021-11-06',109250159.41,88.84,340676,20.37,2895603,86.89,8,38,32293942.8,'007：无暇赴死￥3229万 占30%',10384069.11),(29,'2021-11-05',57854006.25,69.17,283020,18.33,1549390,72.31,5,37,16699972.28,'007：无暇赴死￥1670万 占29%',5184492.37),(30,'2021-11-04',34197756.95,-7.56,239188,-2.29,899163,-7.42,4,38,12228837.4,'007：无暇赴死￥1223万 占36%',3098536.1),(31,'2021-11-03',36994687.52,-9.78,244806,-4.6,971275,-10.39,4,38,13515151.41,'007：无暇赴死￥1352万 占37%',3361024.92),(32,'2021-11-02',41005755.37,-12.22,256606,-1.04,1083945,-12.08,4,38,16122490.97,'007：无暇赴死￥1612万 占39%',3838970.75),(33,'2021-11-01',46714165.65,-65.17,259313,-12.84,1232931,-64.61,5,38,19533186.55,'007：无暇赴死￥1953万 占42%',4490182.39),(34,'2021-10-31',134110441.49,-24.99,297500,-3.29,3483702,-24.72,12,38,54161878.96,'007：无暇赴死￥5416万 占40%',12527566.07),(35,'2021-10-30',178798373.89,75.93,307622,5.13,4627430,73.86,15,39,74828233.96,'007：无暇赴死￥7483万 占42%',16519618.55),(36,'2021-10-29',101627572.36,134.37,292609,11.69,2661527,137.82,9,38,49523344.69,'007：无暇赴死￥4952万 占49%',9109153.44),(37,'2021-10-28',43362133.19,-0.18,261991,0.88,1119132,-0.45,4,39,17211878.05,'长津湖￥1721万 占40%',3480738.64),(38,'2021-10-27',43441093.18,-6.06,259698,-0.84,1124143,-5.14,4,39,18399568.36,'长津湖￥1840万 占42%',3456806.86),(39,'2021-10-26',46245791,-2.67,261897,-1.3,1185082,-1.92,5,39,19968134.56,'长津湖￥1997万 占43%',3691318.94),(40,'2021-10-25',47516645.01,-64.32,265349,-12.86,1208269,-63.45,5,39,20142884.58,'长津湖￥2014万 占42%',4016222.44),(41,'2021-10-24',133167771.98,-30.45,304516,-6.95,3305691,-30.54,11,40,57582402.78,'长津湖￥5758万 占43%',11758166.02),(42,'2021-10-23',191478828.96,63.37,327252,10.16,4759048,63.62,15,40,91775552.74,'长津湖￥9178万 占48%',16693646.2),(43,'2021-10-22',117203372.91,117.55,297065,10.77,2908585,136.05,10,40,56465444.14,'长津湖￥5647万 占48%',9291677.14),(44,'2021-10-21',53874224.03,-6.44,268184,-1.46,1232210,-5.99,5,44,38866412.51,'长津湖￥3887万 占72%',3069506.8),(45,'2021-10-20',57583262.92,-7.45,272166,-1.51,1310764,-6.65,5,44,42108835.6,'长津湖￥4211万 占73%',3379553.21),(46,'2021-10-19',62216358.52,-5.81,276344,-1.67,1404194,-5.1,5,44,45757535.54,'长津湖￥4576万 占74%',3905933.6),(47,'2021-10-18',66051295.91,-66.86,281034,-11.63,1479594,-66.88,5,45,49131285.35,'长津湖￥4913万 占74%',4454950.84),(48,'2021-10-17',199296633.01,-27.82,318021,-2.48,4467320,-27.83,14,45,145146157.96,'长津湖￥14515万 占73%',14278409.38),(49,'2021-10-16',276116870.53,86.44,326097,5.05,6190105,84.09,19,45,206006389.31,'长津湖￥20601万 占75%',19095071.17),(50,'2021-10-15',148098515.99,60.89,310429,13.63,3362616,62.95,11,44,112507242.08,'长津湖￥11251万 占76%',8746496.78),(51,'2021-10-14',92048728.74,-4.26,273204,-0.34,2063563,-3.44,8,45,71581283.53,'长津湖￥7158万 占78%',5302680.99),(52,'2021-10-13',96149184.83,-11.12,274123,-1.19,2136986,-10.21,8,45,75357342.32,'长津湖￥7536万 占78%',5811108.95),(53,'2021-10-12',108173322.96,-14.3,277418,-1.33,2379994,-13.57,9,45,86515850.26,'长津湖￥8652万 占80%',6888875.54),(54,'2021-10-11',126226034.38,-66.62,281147,-10.01,2753519,-66.55,10,46,103204969.15,'长津湖￥10320万 占82%',8615239.45),(55,'2021-10-10',378160206.47,31.35,312429,6.63,8230731,31.36,26,46,302071018.83,'长津湖￥30207万 占80%',26357433.83),(56,'2021-10-09',287909856.67,44.68,293002,-0.56,6265611,45.61,21,46,238492472.51,'长津湖￥23849万 占83%',19269767.64),(57,'2021-10-08',199004183.05,-60.04,294645,-12.5,4303050,-59.49,15,46,165162361.73,'长津湖￥16516万 占83%',14234946.15),(58,'2021-10-07',497954497.91,-24.99,336752,-1.9,10622175,-24.86,32,47,391874423.74,'长津湖￥39187万 占79%',35630440.01),(59,'2021-10-06',663810817.34,2.03,343272,-0.28,14136885,1.9,41,47,513837923.35,'长津湖￥51384万 占77%',47793720.82),(60,'2021-10-05',650574161.97,-0.31,344225,-0.93,13872685,-0.27,40,47,493759898.96,'长津湖￥49376万 占76%',47145137.27),(61,'2021-10-04',652598127.15,-1.02,347461,-1.99,13910702,-1.12,40,47,484443959.16,'长津湖￥48444万 占74%',47716144.26),(62,'2021-10-03',659297165.86,3.86,354523,0.78,14068357,3.71,40,47,473098564.19,'长津湖￥47310万 占72%',48716128.86),(63,'2021-10-02',634796796.98,0.71,351779,-5.68,13565019,0.24,39,47,438567983.06,'长津湖￥43857万 占69%',47293793.16),(64,'2021-10-01',630332483.66,123.23,372969,20.76,13532605,121.75,36,47,410802702.36,'长津湖￥41080万 占65%',47468078.03),(65,'2021-09-30',282369535.75,608.84,308851,-1.33,6102543,475.45,20,46,205191305.36,'长津湖￥20519万 占73%',20353954.42),(66,'2021-09-29',39835643.45,27.99,313015,-0.91,1060479,24.34,3,38,15611445.45,'我和我的父辈￥1561万 占39%',3269149.52),(67,'2021-09-28',31123962.79,-1.08,315894,-0.77,852865,-0.51,3,36,10553384.67,'峰爆￥1055万 占34%',2567876.84),(68,'2021-09-27',31463056.62,-22.37,318335,-5.68,857271,-22.26,3,37,11633983.95,'峰爆￥1163万 占37%',2742014.98),(69,'2021-09-26',40531092.99,-47.09,337488,-8.28,1102725,-46.55,3,37,17104653.05,'峰爆￥1710万 占42%',3539499.24),(70,'2021-09-25',76610499.29,65.97,367950,5.89,2063163,62.04,6,37,31472110.67,'峰爆￥3147万 占41%',6843474.97),(71,'2021-09-24',46159216.97,31.62,347476,4.47,1273214,31.13,4,36,20332155.65,'峰爆￥2033万 占44%',3984148.29),(72,'2021-09-23',35070639.21,-17.32,332596,-1.46,970956,-16.5,3,36,16850845.39,'峰爆￥1685万 占48%',3248537.81),(73,'2021-09-22',42415755.46,-73.58,337533,-15.45,1162777,-73.16,3,36,20949407.54,'峰爆￥2095万 占49%',3924917.25),(74,'2021-09-21',160524481.94,-10.75,399210,-2.06,4332055,-10.52,11,37,71769559.71,'峰爆￥7177万 占45%',14956921.97),(75,'2021-09-20',179867071.16,12.82,407610,-4.53,4841266,12.93,12,37,76208205.33,'峰爆￥7621万 占42%',16562504.08),(76,'2021-09-19',159429104.6,161.04,426930,27.1,4287143,160.17,10,37,67513035.97,'峰爆￥6751万 占42%',14623350.41),(77,'2021-09-18',61074835.47,33.97,335914,3.89,1647828,33.92,5,37,28787485.73,'峰爆￥2879万 占47%',5176235.9),(78,'2021-09-17',45589866.31,101.78,323348,2.4,1230481,94.65,4,37,25260055.27,'峰爆￥2526万 占55%',3817642.75),(79,'2021-09-16',22593460.49,0.98,315779,-0.82,632153,-0.94,2,36,6620305.21,'怒火·重案￥662万 占29%',2131904.14),(80,'2021-09-15',22373366.31,-3.09,318389,-0.53,638166,-2.11,2,35,7009609.26,'失控玩家￥701万 占31%',2184443.45),(81,'2021-09-14',23087366.94,-7.18,320096,-1.01,651907,-7.57,2,35,7617202.03,'失控玩家￥762万 占33%',2352938.21),(82,'2021-09-13',24873350.03,-67.83,323364,-12.94,705289,-67.3,2,35,8004904.01,'失控玩家￥800万 占32%',2576543.61),(83,'2021-09-12',77326193.18,-21.8,371438,-2.68,2157138,-21.62,6,36,27640138.02,'失控玩家￥2764万 占36%',7983377.71),(84,'2021-09-11',98877285.4,76.16,381659,2.02,2752086,69.06,7,36,36136149,'失控玩家￥3614万 占37%',10045196.93),(85,'2021-09-10',56128211.82,-11.24,374107,19.2,1627855,-13.65,4,34,16696601.54,'陪你很久很久￥1670万 占30%',5679619.82),(86,'2021-09-09',63234476.67,145.4,313850,2.97,1885195,166.35,6,34,38209152.72,'陪你很久很久￥3821万 占60%',7314355.18),(87,'2021-09-08',25768055.58,-6.22,304800,-0.37,707789,-6.97,2,36,10406060.34,'失控玩家￥1041万 占40%',2542024.99),(88,'2021-09-07',27476489.86,-7.86,305943,-0.44,760794,-7.68,2,36,11568441.49,'失控玩家￥1157万 占42%',2820930.79),(89,'2021-09-06',29819836.67,-66.69,307287,-11.61,824044,-65.74,3,36,12832799.19,'失控玩家￥1283万 占43%',3122638.07),(90,'2021-09-05',89524870.02,-17.43,347658,-1.06,2405483,-16.63,7,37,42255114.85,'失控玩家￥4226万 占47%',9054150.07),(91,'2021-09-04',108423838.45,101.35,351368,8.22,2885436,95.14,8,38,52223428.35,'失控玩家￥5222万 占48%',10860295.95),(92,'2021-09-03',53847777.57,61.11,324674,6.22,1478617,62.75,5,36,24377369.34,'失控玩家￥2438万 占45%',5502508.61),(93,'2021-09-02',33424003.05,-10.7,305650,1.49,908538,-10.66,3,37,18518679.48,'失控玩家￥1852万 占55%',3381449.64),(94,'2021-09-01',37430402.18,-16.18,301162,1.54,1016955,-17.51,3,37,21664398.25,'失控玩家￥2166万 占58%',3780374.26),(95,'2021-08-31',44657470.87,-17.02,296591,-0.64,1232886,-17.07,4,36,24499380.99,'失控玩家￥2450万 占55%',4350543.21),(96,'2021-08-30',53816330.12,-49.93,298513,-10.2,1486709,-47.9,5,36,29727411.08,'失控玩家￥2973万 占55%',5224523.84),(97,'2021-08-29',107491733.18,2.16,332437,-1.38,2853689,2.88,9,38,62253321.1,'失控玩家￥6225万 占58%',10422813.83),(98,'2021-08-28',105221916.95,58.95,337080,4.78,2773930,53.33,8,38,58454369.85,'失控玩家￥5845万 占56%',10055771.38),(99,'2021-08-27',66196714.01,97.99,321711,15.79,1809148,90.57,6,37,33297010.69,'失控玩家￥3330万 占50%',6288879.15),(100,'2021-08-26',33433849.48,2.84,277846,1.8,949326,2.84,3,35,14126410.67,'怒火·重案￥1413万 占42%',3140791.69),(101,'2021-08-25',32510465.45,-3.47,272943,0.7,923074,-2.94,3,35,14429660.94,'怒火·重案￥1443万 占44%',3102577.76),(102,'2021-08-24',33677965.43,-5.5,271048,0.55,951024,-4.67,4,35,14989287.4,'怒火·重案￥1499万 占45%',3263776.68),(103,'2021-08-23',35638640.23,-46.04,269552,-8.76,997561,-44.49,4,36,16093829.71,'怒火·重案￥1609万 占45%',3479377.85),(104,'2021-08-22',66041171.45,-4.57,295431,-2.29,1796964,-3.92,6,37,29658295.71,'怒火·重案￥2966万 占45%',6456810.58),(105,'2021-08-21',69207396.84,63.42,302360,7.7,1870296,59.01,6,37,31443213.47,'怒火·重案￥3144万 占45%',6763588.01),(106,'2021-08-20',42350416,32.91,280737,13.57,1176217,32.37,4,36,18630467.94,'怒火·重案￥1863万 占44%',4142857.95),(107,'2021-08-19',31863618.97,-5.52,247193,0.59,888567,-5.27,4,36,15807454.89,'怒火·重案￥1581万 占50%',3144225.78),(108,'2021-08-18',33725898.09,-5.95,245753,-0.45,937966,-5.23,4,36,16828134.87,'怒火·重案￥1683万 占50%',3357728.46),(109,'2021-08-17',35860189.3,-9.59,246860,-0.74,989679,-9.33,4,36,18102925.92,'怒火·重案￥1810万 占50%',3577566.92),(110,'2021-08-16',39664100.54,-52.07,248709,-11.68,1091507,-50.82,4,36,20213123.83,'怒火·重案￥2021万 占51%',4010760.04),(111,'2021-08-15',82750024.84,-58.18,281594,-8.69,2219336,-57.55,8,37,43723160.34,'怒火·重案￥4372万 占53%',8423784.16),(112,'2021-08-14',197854500.3,296.56,308401,18.61,5228177,288.89,17,38,102387671.68,'怒火·重案￥10239万 占52%',20459605.8),(113,'2021-08-13',49892387.11,28.97,260012,5.5,1344380,32.67,5,37,24478624.56,'怒火·重案￥2448万 占49%',4929660.9),(114,'2021-08-12',38686140.47,-6.83,246456,2.99,1013337,-5.97,4,38,19404146.65,'怒火·重案￥1940万 占50%',3542469.28),(115,'2021-08-11',41523745.19,-6.05,239305,-0.67,1077658,-6.5,5,39,20759836.5,'怒火·重案￥2076万 占50%',3728115.18),(116,'2021-08-10',44199518.48,-6.94,240912,-1.82,1152556,-7.25,5,38,22666206.25,'怒火·重案￥2267万 占51%',4040873.63),(117,'2021-08-09',47498159.01,-50.28,245369,-13.17,1242582,-49.55,5,38,24867625.54,'怒火·重案￥2487万 占52%',4430098.91),(118,'2021-08-08',95521954.74,-2.89,282581,-5.47,2463058,-2.53,9,39,51559052.23,'怒火·重案￥5156万 占54%',9061804.29),(119,'2021-08-07',98360162.85,54.12,298920,0.98,2526862,50.47,8,39,55112802.82,'怒火·重案￥5511万 占56%',9406613.47),(120,'2021-08-06',63819217.73,8.78,296014,2.83,1679276,8.56,6,38,33615685.6,'怒火·重案￥3362万 占53%',5835833.68),(121,'2021-08-05',58669208.47,-12.79,287868,-4.28,1546912,-13.07,5,38,31032580,'怒火·重案￥3103万 占53%',5350829.17),(122,'2021-08-04',67270532.62,-11.37,300747,-2.88,1779414,-11.91,6,38,36005602.78,'怒火·重案￥3601万 占54%',6176440.96),(123,'2021-08-03',75901139.17,-12.16,309659,-2.44,2020101,-12.44,7,38,41261376.64,'怒火·重案￥4126万 占54%',7050628.76),(124,'2021-08-02',86409118.77,-49.7,317405,-10.73,2307118,-48.62,7,37,46453974.18,'怒火·重案￥4645万 占54%',8111465.81),(125,'2021-08-01',171770747.25,-4.75,355553,-5.22,4489932,-5.24,13,38,86216138.11,'怒火·重案￥8622万 占50%',16092241.23),(126,'2021-07-31',180339630.77,20.37,375154,2.72,4738291,17.39,13,38,81701986.04,'怒火·重案￥8170万 占45%',16403340.63),(127,'2021-07-30',149824386.34,131.8,365227,9.54,4036287,131.69,11,37,58766510.14,'怒火·重案￥5877万 占39%',13153226.36),(128,'2021-07-29',64635338.11,3.38,333423,-0.85,1742083,3.82,5,37,20656552.95,'白蛇2：青蛇劫起￥2066万 占32%',5063760.52),(129,'2021-07-28',62524594.41,-4.93,336286,-1.51,1678031,-4.93,5,37,24914193.89,'白蛇2：青蛇劫起￥2491万 占40%',4757086.99),(130,'2021-07-27',65764543.94,-8.18,341457,0.28,1765051,-7.87,5,37,28277613.07,'白蛇2：青蛇劫起￥2828万 占43%',5123808.2),(131,'2021-07-26',71622262.69,-48.04,340511,-8.16,1915746,-47.5,6,37,32925077.67,'白蛇2：青蛇劫起￥3293万 占46%',5842629.77),(132,'2021-07-25',137849742.88,-9.19,370781,-4.49,3649364,-8.13,10,38,63535529.91,'白蛇2：青蛇劫起￥6354万 占46%',11502973.31),(133,'2021-07-24',151800037.04,26.47,388193,4.03,3972501,24.93,10,38,69577173.15,'白蛇2：青蛇劫起￥6958万 占46%',12486406.02),(134,'2021-07-23',120027245.47,104.14,373145,5.15,3179849,94.27,9,38,59895103.58,'白蛇2：青蛇劫起￥5990万 占50%',9319830.56),(135,'2021-07-22',58795193.24,-5.95,354881,-0.94,1636852,-5.5,5,36,31013686.9,'中国医生￥3101万 占53%',4680534.01),(136,'2021-07-21',62516983.58,-11.51,358254,-1.22,1732126,-11.34,5,36,33198300.46,'中国医生￥3320万 占53%',5056852.84),(137,'2021-07-20',70647290.16,-8.68,362686,-1.21,1953708,-8.68,5,36,37971471.48,'中国医生￥3797万 占54%',5806642.95),(138,'2021-07-19',77364816.56,-58.01,367127,-8.81,2139308,-56.84,6,36,42357874.73,'中国医生￥4236万 占55%',6692032.99),(139,'2021-07-18',184257979.32,-5.75,402583,-5.35,4957000,-5.54,12,37,110739937.06,'中国医生￥11074万 占60%',15069538.18),(140,'2021-07-17',195492544.15,86.38,425321,9.91,5247835,80.11,12,37,112725271.22,'中国医生￥11273万 占58%',16334936.82),(141,'2021-07-16',104888847.88,28.91,386966,10.49,2913674,29.49,8,36,64245256.15,'中国医生￥6425万 占61%',8252916.24),(142,'2021-07-15',81365587.17,-6.98,350241,-0.48,2250147,-7.08,6,36,52943482.84,'中国医生￥5294万 占65%',6398056.5),(143,'2021-07-14',87474276.97,-6.18,351945,-0.54,2421607,-5.97,7,36,60385684.1,'中国医生￥6039万 占69%',7101852.78),(144,'2021-07-13',93235997.94,-6.1,353842,-0.61,2575365,-6.04,7,36,66257992.2,'中国医生￥6626万 占71%',7776071.13),(145,'2021-07-12',99290275.24,-47.88,356009,-9.63,2741001,-47.01,8,36,73394765,'中国医生￥7339万 占74%',8622732.49),(146,'2021-07-11',190514518.62,5.9,393934,-1.08,5173089,6.29,13,37,134120832.48,'中国医生￥13412万 占70%',17009528.58),(147,'2021-07-10',179905542.19,24.07,398216,-0.66,4867156,22.75,12,37,120575523,'中国医生￥12058万 占67%',15678342.09),(148,'2021-07-09',145000150.77,211.83,400869,14.81,3965168,192.18,10,37,93903047.63,'中国医生￥9390万 占65%',11166207.13),(149,'2021-07-08',46499418.86,0.91,349144,0.62,1357108,0.26,4,34,18428317.42,'1921￥1843万 占40%',3812043.79),(150,'2021-07-07',46078428.38,0.86,346983,0.33,1353523,1.05,4,34,18699759.6,'1921￥1870万 占41%',3922807.68),(151,'2021-07-06',45685709.9,-2.43,345828,0.69,1339400,-1.99,4,34,18663718.71,'1921￥1866万 占41%',4089725.6),(152,'2021-07-05',46825008.29,-54.06,343457,-8.58,1366542,-52.61,4,34,19591094.71,'1921￥1959万 占42%',4413128.76),(153,'2021-07-04',101916085.17,-8.43,375693,0.73,2883598,-8.63,8,35,44254278.17,'1921￥4425万 占43%',9617620.82),(154,'2021-07-03',111299210.38,38.72,372978,7.21,3156029,36.16,8,35,50555238.5,'1921￥5056万 占45%',10665686.71),(155,'2021-07-02',80233446.4,-31.44,347897,0.89,2317799,-31.79,7,35,44267575.19,'1921￥4427万 占55%',6987408.83),(156,'2021-07-01',117024163.62,154.87,344827,0.78,3398185,145.98,10,34,81641680.51,'1921￥8164万 占70%',9564646.14),(157,'2021-06-30',45914355.56,8.71,342160,-0.18,1381465,9.67,4,33,9561776.55,'当男人恋爱时￥956万 占21%',4280724.45),(158,'2021-06-29',42236751.2,4.88,342770,-0.46,1259692,5.7,4,34,9396405.51,'当男人恋爱时￥940万 占22%',4034581.97),(159,'2021-06-28',40271178.75,-56.23,344361,-9.26,1191712,-54.38,3,34,8603452.93,'当男人恋爱时￥860万 占21%',3942532.05),(160,'2021-06-27',92000731.22,-8.46,379502,-2.39,2612257,-8.6,7,35,25992351.41,'1921￥2599万 占28%',8483086.15),(161,'2021-06-26',100506270.37,39.66,388784,9.02,2857925,36.13,7,35,27734768.37,'1921￥2773万 占28%',9458943.58),(162,'2021-06-25',71963567.37,72.56,356627,4.72,2099412,73.21,6,34,20966981.53,'1921￥2097万 占29%',6552231.89),(163,'2021-06-24',41704280.42,4.32,340538,-0.25,1212060,4.76,4,34,10070416.14,'当男人恋爱时￥1007万 占24%',4000168.16),(164,'2021-06-23',39977500.24,-2.36,341396,-0.43,1157018,-2.46,3,35,9390561.1,'当男人恋爱时￥939万 占23%',3830182.36),(165,'2021-06-22',40942401.95,-4.78,342854,-1.19,1186152,-4.32,3,35,9932976.41,'当男人恋爱时￥993万 占24%',3987453.97),(166,'2021-06-21',42996626.06,-55.86,346979,-11.76,1239700,-54.26,4,35,10156966.62,'当男人恋爱时￥1016万 占24%',4251467.32),(167,'2021-06-20',97417065.89,-5.38,393241,-1.13,2710112,-5.62,7,36,21830058.63,'了不起的老爸￥2183万 占22%',9143949.01),(168,'2021-06-19',102960126,58.04,397720,3.17,2871352,58.39,7,36,19240043.54,'了不起的老爸￥1924万 占19%',9712699.33),(169,'2021-06-18',65146827.5,45.45,385506,9.18,1812881,41.76,5,36,13855185.51,'了不起的老爸￥1386万 占21%',5598289.45),(170,'2021-06-17',44788628.78,-1.97,353105,-2.2,1278837,-2.03,4,35,9556429,'当男人恋爱时￥956万 占21%',4433335.48),(171,'2021-06-16',45687349.81,-9.01,361058,-1.38,1305334,-8.47,4,35,8196279.91,'当男人恋爱时￥820万 占18%',4564622.15),(172,'2021-06-15',50210915.04,-65.95,366118,-13.58,1426161,-65.73,4,35,7798724.57,'超越￥780万 占16%',5098178.99),(173,'2021-06-14',147452855.64,-14.39,423643,-1.82,4161408,-13.58,10,35,27575552.88,'比得兔2：逃跑计划￥2758万 占19%',15318381.96),(174,'2021-06-13',172229723.86,10.59,431501,-4.87,4815484,12.2,11,36,31779172.23,'超越￥3178万 占18%',17761350.35),(175,'2021-06-12',155740792.41,101.25,453592,16.89,4291913,97.65,9,36,33283572.6,'超越￥3328万 占21%',15382723.72),(176,'2021-06-11',77387499.88,125.94,388047,15.67,2171446,120.92,6,36,11679015.49,'你好世界￥1168万 占15%',7412983.54),(177,'2021-06-10',34251542.86,-2.32,335483,-0.29,982897,-1.63,3,35,7198989.67,'黑白魔女库伊拉￥720万 占21%',3475251.1),(178,'2021-06-09',35066425.51,-2.67,336448,-0.23,999157,-2.31,3,35,7237934.68,'黑白魔女库伊拉￥724万 占21%',3539283.71),(179,'2021-06-08',36026581.67,-10.83,337215,-0.9,1022826,-10.43,3,35,7501020.24,'速度与激情9￥750万 占21%',3677304.54),(180,'2021-06-07',40401623.18,-55.42,340277,-12.33,1141941,-54.92,3,35,8567378.83,'速度与激情9￥857万 占21%',4141243.62),(181,'2021-06-06',90631347.5,-11.13,388150,-2.77,2532918,-10.88,7,36,19425404.67,'速度与激情9￥1943万 占21%',9709035.34),(182,'2021-06-05',101976744.3,93.35,399188,7.19,2842278,92.83,7,36,24114054.31,'速度与激情9￥2411万 占24%',10786056.56),(183,'2021-06-04',52741436.67,42.27,372412,6.74,1473964,42.41,4,36,13212666.64,'速度与激情9￥1321万 占25%',5401248.62),(184,'2021-06-03',37070330.49,-6.23,348908,-0.09,1035045,-6.31,3,36,10351664.88,'速度与激情9￥1035万 占28%',3923304.29),(185,'2021-06-02',39533022.7,-72.47,349209,-12.69,1104807,-73.7,3,36,11534095.14,'速度与激情9￥1153万 占29%',4283634.47),(186,'2021-06-01',143580535.26,159.72,399983,10.34,4201521,167.96,11,34,55316461.83,'哆啦A梦：伴我同行2￥5532万 占39%',15213062.1),(187,'2021-05-31',55282025.71,-60.09,362506,-12.13,1567947,-59.46,4,35,16630131.69,'速度与激情9￥1663万 占30%',5806452.76),(188,'2021-05-30',138533816.02,-22.18,412552,-1.43,3867567,-22.11,9,36,40194349.06,'速度与激情9￥4019万 占29%',14704965.28),(189,'2021-05-29',178012988.97,68.02,418526,7.7,4965310,66.13,12,36,56516232.18,'速度与激情9￥5652万 占32%',18896151.09),(190,'2021-05-28',105947971.09,91.78,388586,17.4,2988733,99.58,8,35,34852571.06,'速度与激情9￥3485万 占33%',11097323.2),(191,'2021-05-27',55245127.24,-9.63,331006,-0.22,1497489,-9.24,5,37,28852843.52,'速度与激情9￥2885万 占52%',5486252.31),(192,'2021-05-26',61129086.44,-18.07,331741,-0.59,1649883,-17.41,5,37,35814591.64,'速度与激情9￥3581万 占59%',6184009.96),(193,'2021-05-25',74613993.96,-21.08,333699,-0.94,1997641,-20.12,6,37,48647396.1,'速度与激情9￥4865万 占65%',7747393.68),(194,'2021-05-24',94544909.75,-62.84,336865,-11.44,2500650,-61.45,7,38,67501715.27,'速度与激情9￥6750万 占71%',10113129.67),(195,'2021-05-23',254402070.03,-33.65,380386,-1.31,6486586,-33.46,17,39,192027708.37,'速度与激情9￥19203万 占75%',26756708.06),(196,'2021-05-22',383436131.24,3.12,385416,1.02,9748303,2.42,25,39,307013606.7,'速度与激情9￥30701万 占80%',40286971.74),(197,'2021-05-21',371842563.46,59.04,381537,-5.01,9517779,53.12,25,39,317553403.26,'速度与激情9￥31755万 占85%',40048373.5),(198,'2021-05-20',233806926.97,504.89,401660,18.61,6216032,478.89,15,38,99796562.88,'我要我们在一起￥9980万 占43%',24706053.15),(199,'2021-05-19',38652759.48,-4.84,338652,-0.43,1073792,-4.17,3,36,13035403.15,'悬崖之上￥1304万 占34%',3484662.87),(200,'2021-05-18',40619369.14,-7.75,340103,-0.67,1120472,-8.23,3,36,13251608.5,'悬崖之上￥1325万 占33%',3702040.02),(201,'2021-05-17',44032047.21,-62.04,342412,-12.29,1220997,-61.81,4,36,13804161,'悬崖之上￥1380万 占31%',4259318.74),(202,'2021-05-16',115998463.53,-20.63,390407,-2.52,3196987,-20.7,8,36,36331387.65,'悬崖之上￥3633万 占31%',11397744.06),(203,'2021-05-15',146147706.91,78.72,400510,8.47,4031472,73.84,10,36,45171316.79,'悬崖之上￥4517万 占31%',14301210.68),(204,'2021-05-14',81776073.17,50.23,369229,5.58,2319084,51.25,6,35,26174330.49,'悬崖之上￥2617万 占32%',7992761.97),(205,'2021-05-13',54433331.87,-7.24,349721,-0.81,1533317,-7.43,4,36,19211025.23,'悬崖之上￥1921万 占35%',5294837.63),(206,'2021-05-12',58684784.17,-8.1,352581,-0.63,1656325,-8.33,5,35,20303121.62,'悬崖之上￥2030万 占35%',5839169.28),(207,'2021-05-11',63860310.91,-7.74,354817,-0.66,1806878,-7.21,5,35,20647973.73,'悬崖之上￥2065万 占32%',6558582.41),(208,'2021-05-10',69218994.87,-56.54,357163,-10.23,1947361,-54.85,5,36,22390093.55,'悬崖之上￥2239万 占32%',7253771.82),(209,'2021-05-09',159268510.83,24.39,397873,7.4,4313095,23.07,11,37,67162480.2,'悬崖之上￥6716万 占42%',15687894.82),(210,'2021-05-08',128035360.25,40.1,370462,1.81,3504589,40.2,9,37,52904081.67,'悬崖之上￥5290万 占41%',12416678.24),(211,'2021-05-07',91389959.69,-2.96,363890,-0.82,2499790,-2.24,7,37,37490671.42,'悬崖之上￥3749万 占41%',8926309.75),(212,'2021-05-06',94175656.88,-54.45,366890,-14.92,2557094,-53.56,7,37,36832648.82,'悬崖之上￥3683万 占39%',9195102.4),(213,'2021-05-05',206771902.34,-30.45,431209,-2.25,5506249,-30.47,13,38,79777637.32,'悬崖之上￥7978万 占39%',20052759.64),(214,'2021-05-04',297286062.5,-11.26,441119,-1.75,7919480,-10.85,18,38,112670915.88,'悬崖之上￥11267万 占38%',28835003.97),(215,'2021-05-03',335012697.04,-11.21,448982,-1.58,8883713,-10.87,20,38,113672875.79,'悬崖之上￥11367万 占34%',32561109.25),(216,'2021-05-02',377296913.33,-17.47,456180,-5.94,9966889,-16.85,22,38,128127725.52,'你的婚礼￥12813万 占34%',36519172.36),(217,'2021-05-01',457154606.44,120.89,485013,35.62,11986048,116.06,25,38,154827273.46,'你的婚礼￥15483万 占34%',43165032.1),(218,'2021-04-30',206962710.31,621.07,357633,14.62,5547552,586.86,16,37,141955983.56,'你的婚礼￥14196万 占69%',19795435.04),(219,'2021-04-29',28702192.44,24.09,312008,-0.09,807663,21.89,3,36,7334413.06,'悬崖之上￥733万 占26%',2566582.55),(220,'2021-04-28',23129979.89,2.98,312278,-0.42,662598,3.2,2,35,4516678.61,'我的姐姐￥452万 占20%',2032646.25),(221,'2021-04-27',22461494.05,-2.28,313596,-0.66,642072,-1.31,2,35,4695928.77,'我的姐姐￥470万 占21%',2023089.55),(222,'2021-04-26',22986198.74,-36.55,315695,-7.2,650616,-36.43,2,35,4990962.57,'我的姐姐￥499万 占22%',2213007.79),(223,'2021-04-25',36229919.53,-52.17,340192,-5.86,1023444,-51.79,3,35,7630646.46,'我的姐姐￥763万 占21%',3524156.56),(224,'2021-04-24',75750017.33,72.65,361365,7.45,2123091,72.03,6,36,15930671,'名侦探柯南：绯色的子弹￥1593万 占21%',7532780.4),(225,'2021-04-23',43876127.35,65.91,336316,4.16,1234143,65.72,4,36,9147545.29,'名侦探柯南：绯色的子弹￥915万 占21%',4268978.97),(226,'2021-04-22',26445011.71,-5.61,322897,-0.51,744710,-5.74,2,36,5844522.29,'我的姐姐￥584万 占22%',2530736.84),(227,'2021-04-21',28016060.04,-3.17,324567,-0.49,790036,-3.98,2,35,6238760.01,'我的姐姐￥624万 占22%',2758305.87),(228,'2021-04-20',28932173.73,-10.16,326163,-1.05,822799,-10.48,3,35,7081052.31,'名侦探柯南：绯色的子弹￥708万 占24%',2997666.62),(229,'2021-04-19',32204629.94,-69.31,329617,-14.26,919159,-69.37,3,35,9216356.15,'名侦探柯南：绯色的子弹￥922万 占29%',3471075.64),(230,'2021-04-18',104945438.43,-32.98,384440,-3.37,3000639,-33.8,8,35,37840971.3,'名侦探柯南：绯色的子弹￥3784万 占36%',11226733.29),(231,'2021-04-17',156594765.31,156.78,397837,9.06,4532732,162.45,11,35,69892905.99,'名侦探柯南：绯色的子弹￥6989万 占45%',16926529.63),(232,'2021-04-16',60983935.95,100.31,364773,12.74,1727116,108.19,5,35,17785854.65,'八月未央￥1779万 占29%',5898211.33),(233,'2021-04-15',30444184.06,-4.95,323548,-0.29,829584,-4.61,3,37,12099578.36,'我的姐姐￥1210万 占40%',2649819.43),(234,'2021-04-14',32029250.61,3.52,324495,-0.43,869707,4.24,3,37,13288593.75,'我的姐姐￥1329万 占41%',2817785.76),(235,'2021-04-13',30940803.38,-5.26,325893,-0.84,834334,-5.48,3,37,13291395.9,'我的姐姐￥1329万 占43%',2795583.84),(236,'2021-04-12',32659392.37,-67.75,328641,-13.27,882688,-68.17,3,37,14853941,'我的姐姐￥1485万 占45%',3106188.65),(237,'2021-04-11',101269849.91,-22.46,378922,-1.03,2772822,-22.54,7,37,44203040.83,'我的姐姐￥4420万 占44%',9828808.38),(238,'2021-04-10',130611256,95.82,382849,6.36,3579874,96.83,9,36,61948049.64,'我的姐姐￥6195万 占47%',12428855.68),(239,'2021-04-09',66700023.37,49.47,359942,7.8,1818744,51.64,5,37,31980376.93,'我的姐姐￥3198万 占48%',5762165.45),(240,'2021-04-08',44623461.29,-11.94,333906,-0.79,1199375,-12.31,4,37,21660235.37,'我的姐姐￥2166万 占49%',4058910.57),(241,'2021-04-07',50674727.15,-13.76,336557,-1.22,1367801,-13.63,4,37,26180312.41,'我的姐姐￥2618万 占52%',4731222.03),(242,'2021-04-06',58758304.42,-69.44,340711,-15.2,1583669,-69.75,5,37,32088233.08,'我的姐姐￥3209万 占55%',5623965.74),(243,'2021-04-05',192248278.79,-40.05,401777,-1.97,5235377,-39.84,13,37,92322024.17,'我的姐姐￥9232万 占48%',18993708.61),(244,'2021-04-04',320698252.63,3.47,409832,-3.04,8701888,3.72,21,37,148953023.43,'我的姐姐￥14895万 占46%',32073497.14),(245,'2021-04-03',309935175.38,101.57,422685,16.16,8389593,101.92,20,37,137694162.96,'我的姐姐￥13769万 占44%',30855878.25),(246,'2021-04-02',153760898.26,244.72,363883,13.93,4154928,249.52,11,37,62395554.87,'我的姐姐￥6240万 占41%',14888833.73),(247,'2021-04-01',44604250.69,-6.81,319401,-1.07,1188757,-7.2,4,38,30482107.92,'哥斯拉大战金刚￥3048万 占68%',4499529.41),(248,'2021-03-31',47863702.26,-7.17,322871,-1.02,1280995,-6.51,4,37,32581473.22,'哥斯拉大战金刚￥3258万 占68%',4589216.03),(249,'2021-03-30',51562867.62,-14.68,326192,-0.41,1370207,-14.56,4,38,36701169.42,'哥斯拉大战金刚￥3670万 占71%',5066196.69),(250,'2021-03-29',60435045.91,-65.19,327524,-13.35,1603656,-65.03,5,38,46227937.55,'哥斯拉大战金刚￥4623万 占76%',6186433.31),(251,'2021-03-28',173621496.79,-24.38,377999,-0.75,4585929,-24.44,12,38,136994627.27,'哥斯拉大战金刚￥13699万 占79%',18053240.67),(252,'2021-03-27',229611028.87,45.13,380848,5.07,6069538,44.71,16,38,185129430.12,'哥斯拉大战金刚￥18513万 占81%',23947834.41),(253,'2021-03-26',158211986.29,592.49,362468,19.36,4194389,569.2,12,38,137015876.11,'哥斯拉大战金刚￥13702万 占87%',16556839.82),(254,'2021-03-25',22846919.25,-2.02,303684,-0.31,626779,-3.46,2,36,5919920.18,'阿凡达￥592万 占26%',2192170.55),(255,'2021-03-24',23317168.85,-5.24,304626,-0.83,649229,-5.04,2,36,6341848.16,'阿凡达￥634万 占27%',2339767.96),(256,'2021-03-23',24605914.14,-6.66,307187,-1.16,683662,-6.88,2,36,7083175.3,'阿凡达￥708万 占29%',2541845.49),(257,'2021-03-22',26362048.7,-71.32,310792,-12.77,734174,-71.05,2,36,8170826.5,'阿凡达￥817万 占31%',2814262.93),(258,'2021-03-21',91908110.52,-21.15,356286,-1.6,2535874,-21.33,7,36,31457562.77,'阿凡达￥3146万 占34%',9505550.25),(259,'2021-03-20',116565188.31,112.86,362071,3.37,3223375,108.89,9,36,41718511.7,'阿凡达￥4172万 占36%',11979750.33),(260,'2021-03-19',54760591.47,74.97,350273,15.57,1543125,79.82,4,35,18775377.22,'阿凡达￥1878万 占34%',5740645.66),(261,'2021-03-18',31296846.68,-6.54,303072,-0.41,858138,-6.63,3,36,11503915.61,'阿凡达￥1150万 占37%',3262822.36),(262,'2021-03-17',33487564.63,-10.34,304312,-0.55,919027,-10.16,3,36,13050524.68,'阿凡达￥1305万 占39%',3517736.83),(263,'2021-03-16',37348865.77,-8.95,305998,-1.07,1022921,-8.94,3,37,15426042.19,'阿凡达￥1543万 占41%',3952723.36),(264,'2021-03-15',41020761.41,-69.98,309292,-12.73,1123348,-69.76,4,37,18098763.61,'阿凡达￥1810万 占44%',4381695.86),(265,'2021-03-14',136661429,-11.76,354416,-0.69,3714857,-11.42,10,37,55834022.79,'阿凡达￥5583万 占41%',14154441.7),(266,'2021-03-13',154881543.6,123.62,356879,2.01,4193577,126.23,12,37,58355396,'阿凡达￥5836万 占38%',15530822.89),(267,'2021-03-12',69261653.07,95.09,349839,7.93,1853678,99.88,5,37,22249253.3,'阿凡达￥2225万 占32%',6790598.47),(268,'2021-03-11',35502425.94,-7.98,324125,-1.63,927403,-8.19,3,38,12083753.72,'你好，李焕英￥1208万 占34%',3330535.38),(269,'2021-03-10',38581495.24,-9.02,329499,-0.67,1010120,-9.02,3,38,13522951.22,'你好，李焕英￥1352万 占35%',3617856.57),(270,'2021-03-09',42404769.91,-59.93,331738,-1.97,1110281,-60.57,3,38,15573572.59,'你好，李焕英￥1557万 占37%',3973304.9),(271,'2021-03-08',105838314.52,-26.64,338414,-9.49,2815699,-25.2,8,38,45822076.2,'你好，李焕英￥4582万 占43%',8983467.49),(272,'2021-03-07',144268025.95,-19.25,373916,-0.58,3764320,-19.05,10,38,50559614.62,'你好，李焕英￥5056万 占35%',13239315.08),(273,'2021-03-06',178663706.25,105.65,376102,5.68,4650312,104.07,12,38,64184893.69,'你好，李焕英￥6418万 占36%',16250984.87),(274,'2021-03-05',86875592.85,44.42,355889,5.42,2278770,46.68,6,38,33387577.42,'你好，李焕英￥3339万 占38%',7889298.08),(275,'2021-03-04',60154081.41,-9.6,337576,-0.48,1553555,-9.31,5,39,23848277.04,'你好，李焕英￥2385万 占40%',5598712.59),(276,'2021-03-03',66542902.8,-12.43,339213,-1.28,1713088,-12.17,5,39,26733726.53,'你好，李焕英￥2673万 占40%',6141191.82),(277,'2021-03-02',75989567.17,-10,343597,-1.48,1950527,-9.62,6,39,31740176.3,'你好，李焕英￥3174万 占42%',7031832.46),(278,'2021-03-01',84432896.54,-63.8,348758,-11.58,2158240,-62.88,6,39,36734629.73,'你好，李焕英￥3673万 占44%',7905254.13),(279,'2021-02-28',233248040.11,-25.75,394428,-1.41,5813535,-25.69,15,40,93849403.87,'你好，李焕英￥9385万 占40%',20867712.56),(280,'2021-02-27',314137591.01,18.35,400086,-2.31,7823399,18.06,20,40,133318679.19,'你好，李焕英￥13332万 占42%',28066769.08),(281,'2021-02-26',265430146.72,42.4,409549,9.46,6626905,45.72,16,40,118263336.25,'你好，李焕英￥11826万 占45%',23936135.2),(282,'2021-02-25',186402501.94,-6.62,374142,-0.32,4547667,-6.15,12,41,88139572.58,'你好，李焕英￥8814万 占47%',16160323.66),(283,'2021-02-24',199616117.45,-13.81,375355,-1.15,4845656,-13.16,13,41,98206465.04,'你好，李焕英￥9821万 占49%',17430665.01),(284,'2021-02-23',231596790.28,-13.63,379726,-0.67,5579966,-12.94,15,42,119432480.16,'你好，李焕英￥11943万 占52%',20312128.65),(285,'2021-02-22',268137571.04,-43.85,382287,-4.41,6409004,-41.86,17,42,144134938.88,'你好，李焕英￥14413万 占54%',23460975.37),(286,'2021-02-21',477544897.72,-4.84,399929,-0.46,11022760,-4.81,28,43,261087671.99,'你好，李焕英￥26109万 占55%',41711965.17),(287,'2021-02-20',501845640.63,-11.19,401796,-0.5,11579752,-10.62,29,43,284440743.12,'你好，李焕英￥28444万 占57%',43785439.96),(288,'2021-02-19',565057164.29,-24.5,403820,-3.27,12954927,-22.48,32,44,326758904.31,'你好，李焕英￥32676万 占58%',49038984.89),(289,'2021-02-18',748451838.44,-23.68,417472,-4.71,16710961,-19.32,40,45,427999031.22,'你好，李焕英￥42800万 占57%',64791151.78),(290,'2021-02-17',980647123.64,-11.98,438097,-2.08,20713294,-10.52,47,47,552167498.36,'你好，李焕英￥55217万 占56%',83874648.01),(291,'2021-02-16',1114093509.39,-6.27,447401,-0.17,23147580,-5.11,52,48,590204156.16,'你好，李焕英￥59020万 占53%',95481718.95),(292,'2021-02-15',1188680523.21,-19.25,448172,-2.92,24394484,-16.8,54,49,537731264.73,'你好，李焕英￥53773万 占45%',102131886.59),(293,'2021-02-14',1472086850.63,6.68,461638,-0.24,29322023,4.84,64,50,749689488.16,'唐人街探案3￥74969万 占51%',126651233.1),(294,'2021-02-13',1379856045.28,-18.45,462762,-7.27,27968750,-18.77,60,49,818291788.37,'唐人街探案3￥81829万 占59%',118477843.95),(295,'2021-02-12',1692033516.84,10496.28,499037,329.25,34430520,7925.61,69,49,1010739018.04,'唐人街探案3￥101074万 占60%',143772403.64),(296,'2021-02-11',15968177.32,-59.33,116258,-61.87,429008,-60.74,4,37,4167440.88,'拆弹专家2￥417万 占26%',1665581.04),(297,'2021-02-10',39263932.24,-12.61,304908,-1.96,1092846,-11.46,4,36,9315794.36,'拆弹专家2￥932万 占24%',3572304.29),(298,'2021-02-09',44929714.45,4.95,310990,-0.06,1234295,2.56,4,36,9710606.58,'拆弹专家2￥971万 占22%',4070022.95),(299,'2021-02-08',42811129.51,-9.25,311185,-6.4,1203515,-8.28,4,36,9612249.06,'拆弹专家2￥961万 占22%',3935421.84),(300,'2021-02-07',47172707.37,-20.45,332469,-2.33,1312221,-18.46,4,36,10051800.51,'拆弹专家2￥1005万 占21%',4224768.53),(301,'2021-02-06',59300778.92,36.64,340399,6.93,1609309,32.17,5,37,12156488.41,'拆弹专家2￥1216万 占20%',5319758.52),(302,'2021-02-05',43400388.99,8.25,318325,2.92,1217628,7.7,4,36,9194699.7,'拆弹专家2￥919万 占21%',3849139.17),(303,'2021-02-04',40093047.51,4.6,309294,0.11,1130541,4.13,4,35,8552992.7,'大红包￥855万 占21%',3619042.83),(304,'2021-02-03',38330354.64,-4.44,308967,-0.01,1085713,-4.38,4,35,8550396.03,'大红包￥855万 占22%',3465749.13),(305,'2021-02-02',40111676.12,-5.67,308999,-0.15,1135495,-4.63,4,35,9379731.27,'大红包￥938万 占23%',3641146.21),(306,'2021-02-01',42524749.96,-47.05,309453,-11.45,1190573,-46.14,4,36,10131389.06,'大红包￥1013万 占24%',4139580.19),(307,'2021-01-31',80318209.41,-3.16,349484,-2.81,2210367,-2,6,36,17141346.88,'大红包￥1714万 占21%',7602127.51),(308,'2021-01-30',82935297.3,53.56,359579,5.88,2255409,46.07,6,37,18076332.78,'大红包￥1808万 占22%',8109766.2),(309,'2021-01-29',54009098.02,13.76,339606,12.72,1544022,13.08,5,35,13453393.37,'大红包￥1345万 占25%',4776467.78),(310,'2021-01-28',47478050.94,0.97,301273,0,1365387,0.93,5,35,12577650.36,'大红包￥1258万 占26%',4182305.39),(311,'2021-01-27',47022698.42,5.09,301261,-0.24,1352854,5.49,4,35,13041768.88,'大红包￥1304万 占28%',4129899.03),(312,'2021-01-26',44745025.78,1.2,301982,-0.55,1282438,1.74,4,35,11252618.63,'大红包￥1125万 占25%',3997453.74),(313,'2021-01-25',44214174.77,-50.12,303661,-13.35,1260456,-49.01,4,35,10097517.01,'大红包￥1010万 占23%',3989246.47),(314,'2021-01-24',88642956.64,-6.87,350439,-1.35,2471948,-6.47,7,36,18532900.51,'大红包￥1853万 占21%',7850523.64),(315,'2021-01-23',95183051.96,54.4,355234,6.58,2642987,50.67,7,36,20393645.79,'大红包￥2039万 占21%',8319224.27),(316,'2021-01-22',61647983.08,42.28,333313,11.91,1754186,45.72,5,35,12839566.21,'大红包￥1284万 占21%',5499580.02),(317,'2021-01-21',43329222.48,-0.93,297851,-0.16,1203826,-0.72,4,36,10694916.65,'送你一朵小红花￥1069万 占25%',3732332.23),(318,'2021-01-20',43734693.8,-1.37,298334,-0.59,1212527,-0.96,4,36,11057333.17,'送你一朵小红花￥1106万 占25%',3766809.98),(319,'2021-01-19',44341386.03,-2.8,300110,-0.79,1224259,-2.38,4,36,11435634.82,'送你一朵小红花￥1144万 占26%',3857972.58),(320,'2021-01-18',45617058.47,-56.52,302500,-15.01,1254107,-55.8,4,36,12087210,'送你一朵小红花￥1209万 占26%',4116330.62),(321,'2021-01-17',104912425.35,-16.04,355945,-1.65,2837398,-15.74,8,37,25299826.16,'送你一朵小红花￥2530万 占24%',8972799.14),(322,'2021-01-16',124949169.37,62.38,361934,3.84,3367384,59.08,9,37,31809589.37,'送你一朵小红花￥3181万 占25%',10511767.48),(323,'2021-01-15',76947572.94,72.59,348555,16.38,2116794,74.16,6,36,19119230.29,'送你一朵小红花￥1912万 占25%',6588928.9),(324,'2021-01-14',44582902.88,-2.09,299493,-0.4,1215426,-2.34,4,37,16115418.08,'送你一朵小红花￥1612万 占36%',3994564.54),(325,'2021-01-13',45534732.78,-2.21,300687,-0.76,1244597,-2.17,4,37,16905918.71,'送你一朵小红花￥1691万 占37%',4120595.5),(326,'2021-01-12',46561842.02,-8.66,302985,-1.84,1272194,-8.51,4,37,17626264.08,'送你一朵小红花￥1763万 占38%',4255391.37),(327,'2021-01-11',50977546.38,-60.97,308654,-13.33,1390463,-60.48,5,37,19820537.8,'送你一朵小红花￥1982万 占39%',4692068.54),(328,'2021-01-10',130604067.67,-17.7,356121,-1.16,3518543,-17.5,10,37,46957954.25,'送你一朵小红花￥4696万 占36%',11759227.77),(329,'2021-01-09',158701968.2,79.05,360306,7.86,4264650,77.15,12,37,59676674.51,'送你一朵小红花￥5968万 占38%',13914050.94),(330,'2021-01-08',88634786,39.27,334049,6.5,2407409,39.43,7,37,35495940.9,'送你一朵小红花￥3550万 占40%',7812055.45),(331,'2021-01-07',63641908.91,-14,313666,-1.53,1726625,-14.27,6,37,26305588.12,'送你一朵小红花￥2631万 占41%',5776162.32),(332,'2021-01-06',74005949.71,-16.44,318547,-2.61,2014138,-15.98,6,37,31541917.53,'送你一朵小红花￥3154万 占43%',6714177.67),(333,'2021-01-05',88570935.57,-18.46,327074,0.97,2397273,-18.34,7,37,37341489.64,'送你一朵小红花￥3734万 占42%',7996007.62),(334,'2021-01-04',108623936.35,-59.22,323946,-16.69,2935562,-58,9,37,43087385.98,'送你一朵小红花￥4309万 占40%',9907927.14),(335,'2021-01-03',266364229.4,-38.66,388849,-2.79,6990242,-38.5,18,38,98018108.63,'送你一朵小红花￥9802万 占37%',23517195.38),(336,'2021-01-02',434219924.31,-27.96,400004,-3.03,11366012,-28.25,28,38,170574949.65,'送你一朵小红花￥17057万 占39%',37983034.54),(337,'2021-01-01',602741058.21,0,412484,0,15841929,0,38,38,256234938.91,'送你一朵小红花￥25623万 占43%',53786995.1),(338,'2019-12-31',336660764.1,325.98,400279,13.79,9485572,336.61,24,35,172329506.45,'宠爱￥17233万 占51%',30796491.84),(339,'2019-12-30',79032908.12,-49.71,351759,-11.16,2172570,-49.79,6,36,27197698.01,'叶问4：完结篇￥2720万 占34%',6086534.32),(340,'2019-12-29',157156552.5,-16.52,395926,-2.02,4326986,-17.82,11,36,55640840.76,'叶问4：完结篇￥5564万 占35%',12269255.34),(341,'2019-12-28',188258763.12,48.64,404105,4.23,5265232,50.35,13,36,68496716.24,'叶问4：完结篇￥6850万 占36%',15062995.24),(342,'2019-12-27',126651600.05,57.69,387697,12.78,3502094,51.41,9,36,45502007.21,'叶问4：完结篇￥4550万 占36%',9238648.05),(343,'2019-12-26',80315228.51,-38.28,343762,-3.37,2312933,-38.08,7,35,33738318.36,'叶问4：完结篇￥3374万 占42%',6327629.46),(344,'2019-12-25',130127295.88,-4.55,355739,1.9,3735286,-4.21,11,35,53102048.69,'叶问4：完结篇￥5310万 占41%',11208244.78),(345,'2019-12-24',136323435.37,40.14,349102,2.44,3899273,40.44,11,35,57051698,'叶问4：完结篇￥5705万 占42%',11943832.54),(346,'2019-12-23',97279005.99,-57.23,340782,-10.91,2776458,-56.59,8,35,43740292.56,'叶问4：完结篇￥4374万 占45%',7509663.05),(347,'2019-12-22',227461386.23,-18.2,382528,-1.56,6395545,-18.29,17,36,102487040.12,'叶问4：完结篇￥10249万 占45%',18149496.2),(348,'2019-12-21',278059101.64,35.15,388598,2.52,7826951,39.49,20,36,124122727.96,'叶问4：完结篇￥12412万 占45%',21016442.55),(349,'2019-12-20',205744560.2,137.77,379061,13.89,5611264,143.16,15,37,97559144.92,'叶问4：完结篇￥9756万 占47%',12508488.29),(350,'2019-12-19',86531326.76,0.25,332837,-0.44,2307616,1.82,7,37,35563716.03,'误杀￥3556万 占41%',6012380.67),(351,'2019-12-18',86318504.43,-0.76,334300,-1.41,2266402,0.42,7,38,34570628.41,'误杀￥3457万 占40%',5689346.46),(352,'2019-12-17',86979865.97,-1.56,339065,-0.35,2256867,-3.28,7,39,38611542.55,'误杀￥3861万 占44%',4948002.88),(353,'2019-12-16',88359854.89,-55.32,340250,-10.99,2333335,-57.41,7,38,42245326.77,'误杀￥4225万 占48%',5860525.8),(354,'2019-12-15',197781838.47,-10.58,382241,-0.92,5478431,-11.4,14,36,80180728.95,'误杀￥8018万 占41%',13621045.81),(355,'2019-12-14',221182460.04,55.25,385804,2,6183428,61.67,16,36,76747814.87,'误杀￥7675万 占35%',15375050.66),(356,'2019-12-13',142468381.39,95.95,378249,8.38,3824703,97.24,10,37,46871024.78,'误杀￥4687万 占33%',8413283.41),(357,'2019-12-12',72707494.92,36.95,349015,5.49,1939134,27.42,6,37,29967806.41,'天·火￥2997万 占41%',4300989.36),(358,'2019-12-11',53091866.8,-5.87,330861,-0.33,1521855,-5.35,5,35,13130239.71,'勇敢者游戏2：再战巅峰￥1313万 占25%',3679789.12),(359,'2019-12-10',56403901.63,-2.82,331942,0.12,1607793,-1.54,5,35,14601697.93,'勇敢者游戏2：再战巅峰￥1460万 占26%',3988611.14),(360,'2019-12-09',58040190.15,-63.57,331539,-11.07,1632917,-64.17,5,36,17088980.42,'勇敢者游戏2：再战巅峰￥1709万 占29%',3929664.09),(361,'2019-12-08',159339235.89,-22.02,372799,-1.69,4557773,-21.88,12,35,46723048.45,'勇敢者游戏2：再战巅峰￥4672万 占29%',11821472.13),(362,'2019-12-07',204333489.94,40.13,379189,4.41,5834149,40.03,15,35,65572481.16,'勇敢者游戏2：再战巅峰￥6557万 占32%',16063137.67),(363,'2019-12-06',145818288.42,161.27,363183,5.61,4166503,198.79,11,35,61423061.97,'勇敢者游戏2：再战巅峰￥6142万 占42%',9784269.61),(364,'2019-12-05',55812369.3,20.76,343876,-0.48,1394462,9.91,4,40,14242101.39,'我为你牺牲￥1424万 占26%',3405242.18),(365,'2019-12-04',46217848.8,-5.73,345521,-0.44,1268675,-9.43,4,36,14041336.67,'两只老虎￥1404万 占30%',3353003.24),(366,'2019-12-03',49026196.06,-10.74,347043,-1.06,1400743,-9.88,4,35,15164674.62,'两只老虎￥1516万 占31%',3718502.9),(367,'2019-12-02',54925683.2,-68.86,350755,-11.32,1554384,-69.51,4,35,16479661.8,'两只老虎￥1648万 占30%',4240339.83),(368,'2019-12-01',176361028.99,-21.11,395534,-2.23,5098195,-21.62,13,35,69386405.8,'冰雪奇缘2￥6939万 占39%',14135912.11),(369,'2019-11-30',223545110.47,70.71,404566,-2.01,6504709,69.69,16,34,90780787.82,'冰雪奇缘2￥9078万 占41%',17692259.21),(370,'2019-11-29',130950969.9,195.25,412851,23.59,3833195,205.64,9,34,46120857.91,'两只老虎￥4612万 占35%',8792980.24),(371,'2019-11-28',44352857.76,-5.25,334037,-0.56,1254150,-4.99,4,35,14757069.73,'冰雪奇缘2￥1476万 占33%',3080880.95),(372,'2019-11-27',46808214.35,-9.94,335908,-0.48,1320041,-10.44,4,35,16324501.85,'冰雪奇缘2￥1632万 占35%',3274919.85);

/*!40101 SET SQL_MODE=@OLD_SQL_MODE */;
/*!40014 SET FOREIGN_KEY_CHECKS=@OLD_FOREIGN_KEY_CHECKS */;
/*!40014 SET UNIQUE_CHECKS=@OLD_UNIQUE_CHECKS */;
/*!40111 SET SQL_NOTES=@OLD_SQL_NOTES */;
